class_label,grid_id,center_latitude,center_longitude,latitude_range,longitude_range
0,Grid_0_0,-87.1875,-174.375,"(-90.0, -84.375)","(-180.0, -168.75)"
1,Grid_0_1,-87.1875,-163.125,"(-90.0, -84.375)","(-168.75, -157.5)"
2,Grid_0_2,-87.1875,-151.875,"(-90.0, -84.375)","(-157.5, -146.25)"
3,Grid_0_3,-87.1875,-140.625,"(-90.0, -84.375)","(-146.25, -135.0)"
4,Grid_0_4,-87.1875,-129.375,"(-90.0, -84.375)","(-135.0, -123.75)"
5,Grid_0_5,-87.1875,-118.125,"(-90.0, -84.375)","(-123.75, -112.5)"
6,Grid_0_6,-87.1875,-106.875,"(-90.0, -84.375)","(-112.5, -101.25)"
7,Grid_0_7,-87.1875,-95.625,"(-90.0, -84.375)","(-101.25, -90.0)"
8,Grid_0_8,-87.1875,-84.375,"(-90.0, -84.375)","(-90.0, -78.75)"
9,Grid_0_9,-87.1875,-73.125,"(-90.0, -84.375)","(-78.75, -67.5)"
10,Grid_0_10,-87.1875,-61.875,"(-90.0, -84.375)","(-67.5, -56.25)"
11,Grid_0_11,-87.1875,-50.625,"(-90.0, -84.375)","(-56.25, -45.0)"
12,Grid_0_12,-87.1875,-39.375,"(-90.0, -84.375)","(-45.0, -33.75)"
13,Grid_0_13,-87.1875,-28.125,"(-90.0, -84.375)","(-33.75, -22.5)"
14,Grid_0_14,-87.1875,-16.875,"(-90.0, -84.375)","(-22.5, -11.25)"
15,Grid_0_15,-87.1875,-5.625,"(-90.0, -84.375)","(-11.25, 0.0)"
16,Grid_0_16,-87.1875,5.625,"(-90.0, -84.375)","(0.0, 11.25)"
17,Grid_0_17,-87.1875,16.875,"(-90.0, -84.375)","(11.25, 22.5)"
18,Grid_0_18,-87.1875,28.125,"(-90.0, -84.375)","(22.5, 33.75)"
19,Grid_0_19,-87.1875,39.375,"(-90.0, -84.375)","(33.75, 45.0)"
20,Grid_0_20,-87.1875,50.625,"(-90.0, -84.375)","(45.0, 56.25)"
21,Grid_0_21,-87.1875,61.875,"(-90.0, -84.375)","(56.25, 67.5)"
22,Grid_0_22,-87.1875,73.125,"(-90.0, -84.375)","(67.5, 78.75)"
23,Grid_0_23,-87.1875,84.375,"(-90.0, -84.375)","(78.75, 90.0)"
24,Grid_0_24,-87.1875,95.625,"(-90.0, -84.375)","(90.0, 101.25)"
25,Grid_0_25,-87.1875,106.875,"(-90.0, -84.375)","(101.25, 112.5)"
26,Grid_0_26,-87.1875,118.125,"(-90.0, -84.375)","(112.5, 123.75)"
27,Grid_0_27,-87.1875,129.375,"(-90.0, -84.375)","(123.75, 135.0)"
28,Grid_0_28,-87.1875,140.625,"(-90.0, -84.375)","(135.0, 146.25)"
29,Grid_0_29,-87.1875,151.875,"(-90.0, -84.375)","(146.25, 157.5)"
30,Grid_0_30,-87.1875,163.125,"(-90.0, -84.375)","(157.5, 168.75)"
31,Grid_0_31,-87.1875,174.375,"(-90.0, -84.375)","(168.75, 180.0)"
32,Grid_1_0,-81.5625,-174.375,"(-84.375, -78.75)","(-180.0, -168.75)"
33,Grid_1_1,-81.5625,-163.125,"(-84.375, -78.75)","(-168.75, -157.5)"
34,Grid_1_2,-81.5625,-151.875,"(-84.375, -78.75)","(-157.5, -146.25)"
35,Grid_1_3,-81.5625,-140.625,"(-84.375, -78.75)","(-146.25, -135.0)"
36,Grid_1_4,-81.5625,-129.375,"(-84.375, -78.75)","(-135.0, -123.75)"
37,Grid_1_5,-81.5625,-118.125,"(-84.375, -78.75)","(-123.75, -112.5)"
38,Grid_1_6,-81.5625,-106.875,"(-84.375, -78.75)","(-112.5, -101.25)"
39,Grid_1_7,-81.5625,-95.625,"(-84.375, -78.75)","(-101.25, -90.0)"
40,Grid_1_8,-81.5625,-84.375,"(-84.375, -78.75)","(-90.0, -78.75)"
41,Grid_1_9,-81.5625,-73.125,"(-84.375, -78.75)","(-78.75, -67.5)"
42,Grid_1_10,-81.5625,-61.875,"(-84.375, -78.75)","(-67.5, -56.25)"
43,Grid_1_11,-81.5625,-50.625,"(-84.375, -78.75)","(-56.25, -45.0)"
44,Grid_1_12,-81.5625,-39.375,"(-84.375, -78.75)","(-45.0, -33.75)"
45,Grid_1_13,-81.5625,-28.125,"(-84.375, -78.75)","(-33.75, -22.5)"
46,Grid_1_14,-81.5625,-16.875,"(-84.375, -78.75)","(-22.5, -11.25)"
47,Grid_1_15,-81.5625,-5.625,"(-84.375, -78.75)","(-11.25, 0.0)"
48,Grid_1_16,-81.5625,5.625,"(-84.375, -78.75)","(0.0, 11.25)"
49,Grid_1_17,-81.5625,16.875,"(-84.375, -78.75)","(11.25, 22.5)"
50,Grid_1_18,-81.5625,28.125,"(-84.375, -78.75)","(22.5, 33.75)"
51,Grid_1_19,-81.5625,39.375,"(-84.375, -78.75)","(33.75, 45.0)"
52,Grid_1_20,-81.5625,50.625,"(-84.375, -78.75)","(45.0, 56.25)"
53,Grid_1_21,-81.5625,61.875,"(-84.375, -78.75)","(56.25, 67.5)"
54,Grid_1_22,-81.5625,73.125,"(-84.375, -78.75)","(67.5, 78.75)"
55,Grid_1_23,-81.5625,84.375,"(-84.375, -78.75)","(78.75, 90.0)"
56,Grid_1_24,-81.5625,95.625,"(-84.375, -78.75)","(90.0, 101.25)"
57,Grid_1_25,-81.5625,106.875,"(-84.375, -78.75)","(101.25, 112.5)"
58,Grid_1_26,-81.5625,118.125,"(-84.375, -78.75)","(112.5, 123.75)"
59,Grid_1_27,-81.5625,129.375,"(-84.375, -78.75)","(123.75, 135.0)"
60,Grid_1_28,-81.5625,140.625,"(-84.375, -78.75)","(135.0, 146.25)"
61,Grid_1_29,-81.5625,151.875,"(-84.375, -78.75)","(146.25, 157.5)"
62,Grid_1_30,-81.5625,163.125,"(-84.375, -78.75)","(157.5, 168.75)"
63,Grid_1_31,-81.5625,174.375,"(-84.375, -78.75)","(168.75, 180.0)"
64,Grid_2_0,-75.9375,-174.375,"(-78.75, -73.125)","(-180.0, -168.75)"
65,Grid_2_1,-75.9375,-163.125,"(-78.75, -73.125)","(-168.75, -157.5)"
66,Grid_2_2,-75.9375,-151.875,"(-78.75, -73.125)","(-157.5, -146.25)"
67,Grid_2_3,-75.9375,-140.625,"(-78.75, -73.125)","(-146.25, -135.0)"
68,Grid_2_4,-75.9375,-129.375,"(-78.75, -73.125)","(-135.0, -123.75)"
69,Grid_2_5,-75.9375,-118.125,"(-78.75, -73.125)","(-123.75, -112.5)"
70,Grid_2_6,-75.9375,-106.875,"(-78.75, -73.125)","(-112.5, -101.25)"
71,Grid_2_7,-75.9375,-95.625,"(-78.75, -73.125)","(-101.25, -90.0)"
72,Grid_2_8,-75.9375,-84.375,"(-78.75, -73.125)","(-90.0, -78.75)"
73,Grid_2_9,-75.9375,-73.125,"(-78.75, -73.125)","(-78.75, -67.5)"
74,Grid_2_10,-75.9375,-61.875,"(-78.75, -73.125)","(-67.5, -56.25)"
75,Grid_2_11,-75.9375,-50.625,"(-78.75, -73.125)","(-56.25, -45.0)"
76,Grid_2_12,-75.9375,-39.375,"(-78.75, -73.125)","(-45.0, -33.75)"
77,Grid_2_13,-75.9375,-28.125,"(-78.75, -73.125)","(-33.75, -22.5)"
78,Grid_2_14,-75.9375,-16.875,"(-78.75, -73.125)","(-22.5, -11.25)"
79,Grid_2_15,-75.9375,-5.625,"(-78.75, -73.125)","(-11.25, 0.0)"
80,Grid_2_16,-75.9375,5.625,"(-78.75, -73.125)","(0.0, 11.25)"
81,Grid_2_17,-75.9375,16.875,"(-78.75, -73.125)","(11.25, 22.5)"
82,Grid_2_18,-75.9375,28.125,"(-78.75, -73.125)","(22.5, 33.75)"
83,Grid_2_19,-75.9375,39.375,"(-78.75, -73.125)","(33.75, 45.0)"
84,Grid_2_20,-75.9375,50.625,"(-78.75, -73.125)","(45.0, 56.25)"
85,Grid_2_21,-75.9375,61.875,"(-78.75, -73.125)","(56.25, 67.5)"
86,Grid_2_22,-75.9375,73.125,"(-78.75, -73.125)","(67.5, 78.75)"
87,Grid_2_23,-75.9375,84.375,"(-78.75, -73.125)","(78.75, 90.0)"
88,Grid_2_24,-75.9375,95.625,"(-78.75, -73.125)","(90.0, 101.25)"
89,Grid_2_25,-75.9375,106.875,"(-78.75, -73.125)","(101.25, 112.5)"
90,Grid_2_26,-75.9375,118.125,"(-78.75, -73.125)","(112.5, 123.75)"
91,Grid_2_27,-75.9375,129.375,"(-78.75, -73.125)","(123.75, 135.0)"
92,Grid_2_28,-75.9375,140.625,"(-78.75, -73.125)","(135.0, 146.25)"
93,Grid_2_29,-75.9375,151.875,"(-78.75, -73.125)","(146.25, 157.5)"
94,Grid_2_30,-75.9375,163.125,"(-78.75, -73.125)","(157.5, 168.75)"
95,Grid_2_31,-75.9375,174.375,"(-78.75, -73.125)","(168.75, 180.0)"
96,Grid_3_0,-70.3125,-174.375,"(-73.125, -67.5)","(-180.0, -168.75)"
97,Grid_3_1,-70.3125,-163.125,"(-73.125, -67.5)","(-168.75, -157.5)"
98,Grid_3_2,-70.3125,-151.875,"(-73.125, -67.5)","(-157.5, -146.25)"
99,Grid_3_3,-70.3125,-140.625,"(-73.125, -67.5)","(-146.25, -135.0)"
100,Grid_3_4,-70.3125,-129.375,"(-73.125, -67.5)","(-135.0, -123.75)"
101,Grid_3_5,-70.3125,-118.125,"(-73.125, -67.5)","(-123.75, -112.5)"
102,Grid_3_6,-70.3125,-106.875,"(-73.125, -67.5)","(-112.5, -101.25)"
103,Grid_3_7,-70.3125,-95.625,"(-73.125, -67.5)","(-101.25, -90.0)"
104,Grid_3_8,-70.3125,-84.375,"(-73.125, -67.5)","(-90.0, -78.75)"
105,Grid_3_9,-70.3125,-73.125,"(-73.125, -67.5)","(-78.75, -67.5)"
106,Grid_3_10,-70.3125,-61.875,"(-73.125, -67.5)","(-67.5, -56.25)"
107,Grid_3_11,-70.3125,-50.625,"(-73.125, -67.5)","(-56.25, -45.0)"
108,Grid_3_12,-70.3125,-39.375,"(-73.125, -67.5)","(-45.0, -33.75)"
109,Grid_3_13,-70.3125,-28.125,"(-73.125, -67.5)","(-33.75, -22.5)"
110,Grid_3_14,-70.3125,-16.875,"(-73.125, -67.5)","(-22.5, -11.25)"
111,Grid_3_15,-70.3125,-5.625,"(-73.125, -67.5)","(-11.25, 0.0)"
112,Grid_3_16,-70.3125,5.625,"(-73.125, -67.5)","(0.0, 11.25)"
113,Grid_3_17,-70.3125,16.875,"(-73.125, -67.5)","(11.25, 22.5)"
114,Grid_3_18,-70.3125,28.125,"(-73.125, -67.5)","(22.5, 33.75)"
115,Grid_3_19,-70.3125,39.375,"(-73.125, -67.5)","(33.75, 45.0)"
116,Grid_3_20,-70.3125,50.625,"(-73.125, -67.5)","(45.0, 56.25)"
117,Grid_3_21,-70.3125,61.875,"(-73.125, -67.5)","(56.25, 67.5)"
118,Grid_3_22,-70.3125,73.125,"(-73.125, -67.5)","(67.5, 78.75)"
119,Grid_3_23,-70.3125,84.375,"(-73.125, -67.5)","(78.75, 90.0)"
120,Grid_3_24,-70.3125,95.625,"(-73.125, -67.5)","(90.0, 101.25)"
121,Grid_3_25,-70.3125,106.875,"(-73.125, -67.5)","(101.25, 112.5)"
122,Grid_3_26,-70.3125,118.125,"(-73.125, -67.5)","(112.5, 123.75)"
123,Grid_3_27,-70.3125,129.375,"(-73.125, -67.5)","(123.75, 135.0)"
124,Grid_3_28,-70.3125,140.625,"(-73.125, -67.5)","(135.0, 146.25)"
125,Grid_3_29,-70.3125,151.875,"(-73.125, -67.5)","(146.25, 157.5)"
126,Grid_3_30,-70.3125,163.125,"(-73.125, -67.5)","(157.5, 168.75)"
127,Grid_3_31,-70.3125,174.375,"(-73.125, -67.5)","(168.75, 180.0)"
128,Grid_4_0,-64.6875,-174.375,"(-67.5, -61.875)","(-180.0, -168.75)"
129,Grid_4_1,-64.6875,-163.125,"(-67.5, -61.875)","(-168.75, -157.5)"
130,Grid_4_2,-64.6875,-151.875,"(-67.5, -61.875)","(-157.5, -146.25)"
131,Grid_4_3,-64.6875,-140.625,"(-67.5, -61.875)","(-146.25, -135.0)"
132,Grid_4_4,-64.6875,-129.375,"(-67.5, -61.875)","(-135.0, -123.75)"
133,Grid_4_5,-64.6875,-118.125,"(-67.5, -61.875)","(-123.75, -112.5)"
134,Grid_4_6,-64.6875,-106.875,"(-67.5, -61.875)","(-112.5, -101.25)"
135,Grid_4_7,-64.6875,-95.625,"(-67.5, -61.875)","(-101.25, -90.0)"
136,Grid_4_8,-64.6875,-84.375,"(-67.5, -61.875)","(-90.0, -78.75)"
137,Grid_4_9,-64.6875,-73.125,"(-67.5, -61.875)","(-78.75, -67.5)"
138,Grid_4_10,-64.6875,-61.875,"(-67.5, -61.875)","(-67.5, -56.25)"
139,Grid_4_11,-64.6875,-50.625,"(-67.5, -61.875)","(-56.25, -45.0)"
140,Grid_4_12,-64.6875,-39.375,"(-67.5, -61.875)","(-45.0, -33.75)"
141,Grid_4_13,-64.6875,-28.125,"(-67.5, -61.875)","(-33.75, -22.5)"
142,Grid_4_14,-64.6875,-16.875,"(-67.5, -61.875)","(-22.5, -11.25)"
143,Grid_4_15,-64.6875,-5.625,"(-67.5, -61.875)","(-11.25, 0.0)"
144,Grid_4_16,-64.6875,5.625,"(-67.5, -61.875)","(0.0, 11.25)"
145,Grid_4_17,-64.6875,16.875,"(-67.5, -61.875)","(11.25, 22.5)"
146,Grid_4_18,-64.6875,28.125,"(-67.5, -61.875)","(22.5, 33.75)"
147,Grid_4_19,-64.6875,39.375,"(-67.5, -61.875)","(33.75, 45.0)"
148,Grid_4_20,-64.6875,50.625,"(-67.5, -61.875)","(45.0, 56.25)"
149,Grid_4_21,-64.6875,61.875,"(-67.5, -61.875)","(56.25, 67.5)"
150,Grid_4_22,-64.6875,73.125,"(-67.5, -61.875)","(67.5, 78.75)"
151,Grid_4_23,-64.6875,84.375,"(-67.5, -61.875)","(78.75, 90.0)"
152,Grid_4_24,-64.6875,95.625,"(-67.5, -61.875)","(90.0, 101.25)"
153,Grid_4_25,-64.6875,106.875,"(-67.5, -61.875)","(101.25, 112.5)"
154,Grid_4_26,-64.6875,118.125,"(-67.5, -61.875)","(112.5, 123.75)"
155,Grid_4_27,-64.6875,129.375,"(-67.5, -61.875)","(123.75, 135.0)"
156,Grid_4_28,-64.6875,140.625,"(-67.5, -61.875)","(135.0, 146.25)"
157,Grid_4_29,-64.6875,151.875,"(-67.5, -61.875)","(146.25, 157.5)"
158,Grid_4_30,-64.6875,163.125,"(-67.5, -61.875)","(157.5, 168.75)"
159,Grid_4_31,-64.6875,174.375,"(-67.5, -61.875)","(168.75, 180.0)"
160,Grid_5_0,-59.0625,-174.375,"(-61.875, -56.25)","(-180.0, -168.75)"
161,Grid_5_1,-59.0625,-163.125,"(-61.875, -56.25)","(-168.75, -157.5)"
162,Grid_5_2,-59.0625,-151.875,"(-61.875, -56.25)","(-157.5, -146.25)"
163,Grid_5_3,-59.0625,-140.625,"(-61.875, -56.25)","(-146.25, -135.0)"
164,Grid_5_4,-59.0625,-129.375,"(-61.875, -56.25)","(-135.0, -123.75)"
165,Grid_5_5,-59.0625,-118.125,"(-61.875, -56.25)","(-123.75, -112.5)"
166,Grid_5_6,-59.0625,-106.875,"(-61.875, -56.25)","(-112.5, -101.25)"
167,Grid_5_7,-59.0625,-95.625,"(-61.875, -56.25)","(-101.25, -90.0)"
168,Grid_5_8,-59.0625,-84.375,"(-61.875, -56.25)","(-90.0, -78.75)"
169,Grid_5_9,-59.0625,-73.125,"(-61.875, -56.25)","(-78.75, -67.5)"
170,Grid_5_10,-59.0625,-61.875,"(-61.875, -56.25)","(-67.5, -56.25)"
171,Grid_5_11,-59.0625,-50.625,"(-61.875, -56.25)","(-56.25, -45.0)"
172,Grid_5_12,-59.0625,-39.375,"(-61.875, -56.25)","(-45.0, -33.75)"
173,Grid_5_13,-59.0625,-28.125,"(-61.875, -56.25)","(-33.75, -22.5)"
174,Grid_5_14,-59.0625,-16.875,"(-61.875, -56.25)","(-22.5, -11.25)"
175,Grid_5_15,-59.0625,-5.625,"(-61.875, -56.25)","(-11.25, 0.0)"
176,Grid_5_16,-59.0625,5.625,"(-61.875, -56.25)","(0.0, 11.25)"
177,Grid_5_17,-59.0625,16.875,"(-61.875, -56.25)","(11.25, 22.5)"
178,Grid_5_18,-59.0625,28.125,"(-61.875, -56.25)","(22.5, 33.75)"
179,Grid_5_19,-59.0625,39.375,"(-61.875, -56.25)","(33.75, 45.0)"
180,Grid_5_20,-59.0625,50.625,"(-61.875, -56.25)","(45.0, 56.25)"
181,Grid_5_21,-59.0625,61.875,"(-61.875, -56.25)","(56.25, 67.5)"
182,Grid_5_22,-59.0625,73.125,"(-61.875, -56.25)","(67.5, 78.75)"
183,Grid_5_23,-59.0625,84.375,"(-61.875, -56.25)","(78.75, 90.0)"
184,Grid_5_24,-59.0625,95.625,"(-61.875, -56.25)","(90.0, 101.25)"
185,Grid_5_25,-59.0625,106.875,"(-61.875, -56.25)","(101.25, 112.5)"
186,Grid_5_26,-59.0625,118.125,"(-61.875, -56.25)","(112.5, 123.75)"
187,Grid_5_27,-59.0625,129.375,"(-61.875, -56.25)","(123.75, 135.0)"
188,Grid_5_28,-59.0625,140.625,"(-61.875, -56.25)","(135.0, 146.25)"
189,Grid_5_29,-59.0625,151.875,"(-61.875, -56.25)","(146.25, 157.5)"
190,Grid_5_30,-59.0625,163.125,"(-61.875, -56.25)","(157.5, 168.75)"
191,Grid_5_31,-59.0625,174.375,"(-61.875, -56.25)","(168.75, 180.0)"
192,Grid_6_0,-53.4375,-174.375,"(-56.25, -50.625)","(-180.0, -168.75)"
193,Grid_6_1,-53.4375,-163.125,"(-56.25, -50.625)","(-168.75, -157.5)"
194,Grid_6_2,-53.4375,-151.875,"(-56.25, -50.625)","(-157.5, -146.25)"
195,Grid_6_3,-53.4375,-140.625,"(-56.25, -50.625)","(-146.25, -135.0)"
196,Grid_6_4,-53.4375,-129.375,"(-56.25, -50.625)","(-135.0, -123.75)"
197,Grid_6_5,-53.4375,-118.125,"(-56.25, -50.625)","(-123.75, -112.5)"
198,Grid_6_6,-53.4375,-106.875,"(-56.25, -50.625)","(-112.5, -101.25)"
199,Grid_6_7,-53.4375,-95.625,"(-56.25, -50.625)","(-101.25, -90.0)"
200,Grid_6_8,-53.4375,-84.375,"(-56.25, -50.625)","(-90.0, -78.75)"
201,Grid_6_9,-53.4375,-73.125,"(-56.25, -50.625)","(-78.75, -67.5)"
202,Grid_6_10,-53.4375,-61.875,"(-56.25, -50.625)","(-67.5, -56.25)"
203,Grid_6_11,-53.4375,-50.625,"(-56.25, -50.625)","(-56.25, -45.0)"
204,Grid_6_12,-53.4375,-39.375,"(-56.25, -50.625)","(-45.0, -33.75)"
205,Grid_6_13,-53.4375,-28.125,"(-56.25, -50.625)","(-33.75, -22.5)"
206,Grid_6_14,-53.4375,-16.875,"(-56.25, -50.625)","(-22.5, -11.25)"
207,Grid_6_15,-53.4375,-5.625,"(-56.25, -50.625)","(-11.25, 0.0)"
208,Grid_6_16,-53.4375,5.625,"(-56.25, -50.625)","(0.0, 11.25)"
209,Grid_6_17,-53.4375,16.875,"(-56.25, -50.625)","(11.25, 22.5)"
210,Grid_6_18,-53.4375,28.125,"(-56.25, -50.625)","(22.5, 33.75)"
211,Grid_6_19,-53.4375,39.375,"(-56.25, -50.625)","(33.75, 45.0)"
212,Grid_6_20,-53.4375,50.625,"(-56.25, -50.625)","(45.0, 56.25)"
213,Grid_6_21,-53.4375,61.875,"(-56.25, -50.625)","(56.25, 67.5)"
214,Grid_6_22,-53.4375,73.125,"(-56.25, -50.625)","(67.5, 78.75)"
215,Grid_6_23,-53.4375,84.375,"(-56.25, -50.625)","(78.75, 90.0)"
216,Grid_6_24,-53.4375,95.625,"(-56.25, -50.625)","(90.0, 101.25)"
217,Grid_6_25,-53.4375,106.875,"(-56.25, -50.625)","(101.25, 112.5)"
218,Grid_6_26,-53.4375,118.125,"(-56.25, -50.625)","(112.5, 123.75)"
219,Grid_6_27,-53.4375,129.375,"(-56.25, -50.625)","(123.75, 135.0)"
220,Grid_6_28,-53.4375,140.625,"(-56.25, -50.625)","(135.0, 146.25)"
221,Grid_6_29,-53.4375,151.875,"(-56.25, -50.625)","(146.25, 157.5)"
222,Grid_6_30,-53.4375,163.125,"(-56.25, -50.625)","(157.5, 168.75)"
223,Grid_6_31,-53.4375,174.375,"(-56.25, -50.625)","(168.75, 180.0)"
224,Grid_7_0,-47.8125,-174.375,"(-50.625, -45.0)","(-180.0, -168.75)"
225,Grid_7_1,-47.8125,-163.125,"(-50.625, -45.0)","(-168.75, -157.5)"
226,Grid_7_2,-47.8125,-151.875,"(-50.625, -45.0)","(-157.5, -146.25)"
227,Grid_7_3,-47.8125,-140.625,"(-50.625, -45.0)","(-146.25, -135.0)"
228,Grid_7_4,-47.8125,-129.375,"(-50.625, -45.0)","(-135.0, -123.75)"
229,Grid_7_5,-47.8125,-118.125,"(-50.625, -45.0)","(-123.75, -112.5)"
230,Grid_7_6,-47.8125,-106.875,"(-50.625, -45.0)","(-112.5, -101.25)"
231,Grid_7_7,-47.8125,-95.625,"(-50.625, -45.0)","(-101.25, -90.0)"
232,Grid_7_8,-47.8125,-84.375,"(-50.625, -45.0)","(-90.0, -78.75)"
233,Grid_7_9,-47.8125,-73.125,"(-50.625, -45.0)","(-78.75, -67.5)"
234,Grid_7_10,-47.8125,-61.875,"(-50.625, -45.0)","(-67.5, -56.25)"
235,Grid_7_11,-47.8125,-50.625,"(-50.625, -45.0)","(-56.25, -45.0)"
236,Grid_7_12,-47.8125,-39.375,"(-50.625, -45.0)","(-45.0, -33.75)"
237,Grid_7_13,-47.8125,-28.125,"(-50.625, -45.0)","(-33.75, -22.5)"
238,Grid_7_14,-47.8125,-16.875,"(-50.625, -45.0)","(-22.5, -11.25)"
239,Grid_7_15,-47.8125,-5.625,"(-50.625, -45.0)","(-11.25, 0.0)"
240,Grid_7_16,-47.8125,5.625,"(-50.625, -45.0)","(0.0, 11.25)"
241,Grid_7_17,-47.8125,16.875,"(-50.625, -45.0)","(11.25, 22.5)"
242,Grid_7_18,-47.8125,28.125,"(-50.625, -45.0)","(22.5, 33.75)"
243,Grid_7_19,-47.8125,39.375,"(-50.625, -45.0)","(33.75, 45.0)"
244,Grid_7_20,-47.8125,50.625,"(-50.625, -45.0)","(45.0, 56.25)"
245,Grid_7_21,-47.8125,61.875,"(-50.625, -45.0)","(56.25, 67.5)"
246,Grid_7_22,-47.8125,73.125,"(-50.625, -45.0)","(67.5, 78.75)"
247,Grid_7_23,-47.8125,84.375,"(-50.625, -45.0)","(78.75, 90.0)"
248,Grid_7_24,-47.8125,95.625,"(-50.625, -45.0)","(90.0, 101.25)"
249,Grid_7_25,-47.8125,106.875,"(-50.625, -45.0)","(101.25, 112.5)"
250,Grid_7_26,-47.8125,118.125,"(-50.625, -45.0)","(112.5, 123.75)"
251,Grid_7_27,-47.8125,129.375,"(-50.625, -45.0)","(123.75, 135.0)"
252,Grid_7_28,-47.8125,140.625,"(-50.625, -45.0)","(135.0, 146.25)"
253,Grid_7_29,-47.8125,151.875,"(-50.625, -45.0)","(146.25, 157.5)"
254,Grid_7_30,-47.8125,163.125,"(-50.625, -45.0)","(157.5, 168.75)"
255,Grid_7_31,-47.8125,174.375,"(-50.625, -45.0)","(168.75, 180.0)"
256,Grid_8_0,-42.1875,-174.375,"(-45.0, -39.375)","(-180.0, -168.75)"
257,Grid_8_1,-42.1875,-163.125,"(-45.0, -39.375)","(-168.75, -157.5)"
258,Grid_8_2,-42.1875,-151.875,"(-45.0, -39.375)","(-157.5, -146.25)"
259,Grid_8_3,-42.1875,-140.625,"(-45.0, -39.375)","(-146.25, -135.0)"
260,Grid_8_4,-42.1875,-129.375,"(-45.0, -39.375)","(-135.0, -123.75)"
261,Grid_8_5,-42.1875,-118.125,"(-45.0, -39.375)","(-123.75, -112.5)"
262,Grid_8_6,-42.1875,-106.875,"(-45.0, -39.375)","(-112.5, -101.25)"
263,Grid_8_7,-42.1875,-95.625,"(-45.0, -39.375)","(-101.25, -90.0)"
264,Grid_8_8,-42.1875,-84.375,"(-45.0, -39.375)","(-90.0, -78.75)"
265,Grid_8_9,-42.1875,-73.125,"(-45.0, -39.375)","(-78.75, -67.5)"
266,Grid_8_10,-42.1875,-61.875,"(-45.0, -39.375)","(-67.5, -56.25)"
267,Grid_8_11,-42.1875,-50.625,"(-45.0, -39.375)","(-56.25, -45.0)"
268,Grid_8_12,-42.1875,-39.375,"(-45.0, -39.375)","(-45.0, -33.75)"
269,Grid_8_13,-42.1875,-28.125,"(-45.0, -39.375)","(-33.75, -22.5)"
270,Grid_8_14,-42.1875,-16.875,"(-45.0, -39.375)","(-22.5, -11.25)"
271,Grid_8_15,-42.1875,-5.625,"(-45.0, -39.375)","(-11.25, 0.0)"
272,Grid_8_16,-42.1875,5.625,"(-45.0, -39.375)","(0.0, 11.25)"
273,Grid_8_17,-42.1875,16.875,"(-45.0, -39.375)","(11.25, 22.5)"
274,Grid_8_18,-42.1875,28.125,"(-45.0, -39.375)","(22.5, 33.75)"
275,Grid_8_19,-42.1875,39.375,"(-45.0, -39.375)","(33.75, 45.0)"
276,Grid_8_20,-42.1875,50.625,"(-45.0, -39.375)","(45.0, 56.25)"
277,Grid_8_21,-42.1875,61.875,"(-45.0, -39.375)","(56.25, 67.5)"
278,Grid_8_22,-42.1875,73.125,"(-45.0, -39.375)","(67.5, 78.75)"
279,Grid_8_23,-42.1875,84.375,"(-45.0, -39.375)","(78.75, 90.0)"
280,Grid_8_24,-42.1875,95.625,"(-45.0, -39.375)","(90.0, 101.25)"
281,Grid_8_25,-42.1875,106.875,"(-45.0, -39.375)","(101.25, 112.5)"
282,Grid_8_26,-42.1875,118.125,"(-45.0, -39.375)","(112.5, 123.75)"
283,Grid_8_27,-42.1875,129.375,"(-45.0, -39.375)","(123.75, 135.0)"
284,Grid_8_28,-42.1875,140.625,"(-45.0, -39.375)","(135.0, 146.25)"
285,Grid_8_29,-42.1875,151.875,"(-45.0, -39.375)","(146.25, 157.5)"
286,Grid_8_30,-42.1875,163.125,"(-45.0, -39.375)","(157.5, 168.75)"
287,Grid_8_31,-42.1875,174.375,"(-45.0, -39.375)","(168.75, 180.0)"
288,Grid_9_0,-36.5625,-174.375,"(-39.375, -33.75)","(-180.0, -168.75)"
289,Grid_9_1,-36.5625,-163.125,"(-39.375, -33.75)","(-168.75, -157.5)"
290,Grid_9_2,-36.5625,-151.875,"(-39.375, -33.75)","(-157.5, -146.25)"
291,Grid_9_3,-36.5625,-140.625,"(-39.375, -33.75)","(-146.25, -135.0)"
292,Grid_9_4,-36.5625,-129.375,"(-39.375, -33.75)","(-135.0, -123.75)"
293,Grid_9_5,-36.5625,-118.125,"(-39.375, -33.75)","(-123.75, -112.5)"
294,Grid_9_6,-36.5625,-106.875,"(-39.375, -33.75)","(-112.5, -101.25)"
295,Grid_9_7,-36.5625,-95.625,"(-39.375, -33.75)","(-101.25, -90.0)"
296,Grid_9_8,-36.5625,-84.375,"(-39.375, -33.75)","(-90.0, -78.75)"
297,Grid_9_9,-36.5625,-73.125,"(-39.375, -33.75)","(-78.75, -67.5)"
298,Grid_9_10,-36.5625,-61.875,"(-39.375, -33.75)","(-67.5, -56.25)"
299,Grid_9_11,-36.5625,-50.625,"(-39.375, -33.75)","(-56.25, -45.0)"
300,Grid_9_12,-36.5625,-39.375,"(-39.375, -33.75)","(-45.0, -33.75)"
301,Grid_9_13,-36.5625,-28.125,"(-39.375, -33.75)","(-33.75, -22.5)"
302,Grid_9_14,-36.5625,-16.875,"(-39.375, -33.75)","(-22.5, -11.25)"
303,Grid_9_15,-36.5625,-5.625,"(-39.375, -33.75)","(-11.25, 0.0)"
304,Grid_9_16,-36.5625,5.625,"(-39.375, -33.75)","(0.0, 11.25)"
305,Grid_9_17,-36.5625,16.875,"(-39.375, -33.75)","(11.25, 22.5)"
306,Grid_9_18,-36.5625,28.125,"(-39.375, -33.75)","(22.5, 33.75)"
307,Grid_9_19,-36.5625,39.375,"(-39.375, -33.75)","(33.75, 45.0)"
308,Grid_9_20,-36.5625,50.625,"(-39.375, -33.75)","(45.0, 56.25)"
309,Grid_9_21,-36.5625,61.875,"(-39.375, -33.75)","(56.25, 67.5)"
310,Grid_9_22,-36.5625,73.125,"(-39.375, -33.75)","(67.5, 78.75)"
311,Grid_9_23,-36.5625,84.375,"(-39.375, -33.75)","(78.75, 90.0)"
312,Grid_9_24,-36.5625,95.625,"(-39.375, -33.75)","(90.0, 101.25)"
313,Grid_9_25,-36.5625,106.875,"(-39.375, -33.75)","(101.25, 112.5)"
314,Grid_9_26,-36.5625,118.125,"(-39.375, -33.75)","(112.5, 123.75)"
315,Grid_9_27,-36.5625,129.375,"(-39.375, -33.75)","(123.75, 135.0)"
316,Grid_9_28,-36.5625,140.625,"(-39.375, -33.75)","(135.0, 146.25)"
317,Grid_9_29,-36.5625,151.875,"(-39.375, -33.75)","(146.25, 157.5)"
318,Grid_9_30,-36.5625,163.125,"(-39.375, -33.75)","(157.5, 168.75)"
319,Grid_9_31,-36.5625,174.375,"(-39.375, -33.75)","(168.75, 180.0)"
320,Grid_10_0,-30.9375,-174.375,"(-33.75, -28.125)","(-180.0, -168.75)"
321,Grid_10_1,-30.9375,-163.125,"(-33.75, -28.125)","(-168.75, -157.5)"
322,Grid_10_2,-30.9375,-151.875,"(-33.75, -28.125)","(-157.5, -146.25)"
323,Grid_10_3,-30.9375,-140.625,"(-33.75, -28.125)","(-146.25, -135.0)"
324,Grid_10_4,-30.9375,-129.375,"(-33.75, -28.125)","(-135.0, -123.75)"
325,Grid_10_5,-30.9375,-118.125,"(-33.75, -28.125)","(-123.75, -112.5)"
326,Grid_10_6,-30.9375,-106.875,"(-33.75, -28.125)","(-112.5, -101.25)"
327,Grid_10_7,-30.9375,-95.625,"(-33.75, -28.125)","(-101.25, -90.0)"
328,Grid_10_8,-30.9375,-84.375,"(-33.75, -28.125)","(-90.0, -78.75)"
329,Grid_10_9,-30.9375,-73.125,"(-33.75, -28.125)","(-78.75, -67.5)"
330,Grid_10_10,-30.9375,-61.875,"(-33.75, -28.125)","(-67.5, -56.25)"
331,Grid_10_11,-30.9375,-50.625,"(-33.75, -28.125)","(-56.25, -45.0)"
332,Grid_10_12,-30.9375,-39.375,"(-33.75, -28.125)","(-45.0, -33.75)"
333,Grid_10_13,-30.9375,-28.125,"(-33.75, -28.125)","(-33.75, -22.5)"
334,Grid_10_14,-30.9375,-16.875,"(-33.75, -28.125)","(-22.5, -11.25)"
335,Grid_10_15,-30.9375,-5.625,"(-33.75, -28.125)","(-11.25, 0.0)"
336,Grid_10_16,-30.9375,5.625,"(-33.75, -28.125)","(0.0, 11.25)"
337,Grid_10_17,-30.9375,16.875,"(-33.75, -28.125)","(11.25, 22.5)"
338,Grid_10_18,-30.9375,28.125,"(-33.75, -28.125)","(22.5, 33.75)"
339,Grid_10_19,-30.9375,39.375,"(-33.75, -28.125)","(33.75, 45.0)"
340,Grid_10_20,-30.9375,50.625,"(-33.75, -28.125)","(45.0, 56.25)"
341,Grid_10_21,-30.9375,61.875,"(-33.75, -28.125)","(56.25, 67.5)"
342,Grid_10_22,-30.9375,73.125,"(-33.75, -28.125)","(67.5, 78.75)"
343,Grid_10_23,-30.9375,84.375,"(-33.75, -28.125)","(78.75, 90.0)"
344,Grid_10_24,-30.9375,95.625,"(-33.75, -28.125)","(90.0, 101.25)"
345,Grid_10_25,-30.9375,106.875,"(-33.75, -28.125)","(101.25, 112.5)"
346,Grid_10_26,-30.9375,118.125,"(-33.75, -28.125)","(112.5, 123.75)"
347,Grid_10_27,-30.9375,129.375,"(-33.75, -28.125)","(123.75, 135.0)"
348,Grid_10_28,-30.9375,140.625,"(-33.75, -28.125)","(135.0, 146.25)"
349,Grid_10_29,-30.9375,151.875,"(-33.75, -28.125)","(146.25, 157.5)"
350,Grid_10_30,-30.9375,163.125,"(-33.75, -28.125)","(157.5, 168.75)"
351,Grid_10_31,-30.9375,174.375,"(-33.75, -28.125)","(168.75, 180.0)"
352,Grid_11_0,-25.3125,-174.375,"(-28.125, -22.5)","(-180.0, -168.75)"
353,Grid_11_1,-25.3125,-163.125,"(-28.125, -22.5)","(-168.75, -157.5)"
354,Grid_11_2,-25.3125,-151.875,"(-28.125, -22.5)","(-157.5, -146.25)"
355,Grid_11_3,-25.3125,-140.625,"(-28.125, -22.5)","(-146.25, -135.0)"
356,Grid_11_4,-25.3125,-129.375,"(-28.125, -22.5)","(-135.0, -123.75)"
357,Grid_11_5,-25.3125,-118.125,"(-28.125, -22.5)","(-123.75, -112.5)"
358,Grid_11_6,-25.3125,-106.875,"(-28.125, -22.5)","(-112.5, -101.25)"
359,Grid_11_7,-25.3125,-95.625,"(-28.125, -22.5)","(-101.25, -90.0)"
360,Grid_11_8,-25.3125,-84.375,"(-28.125, -22.5)","(-90.0, -78.75)"
361,Grid_11_9,-25.3125,-73.125,"(-28.125, -22.5)","(-78.75, -67.5)"
362,Grid_11_10,-25.3125,-61.875,"(-28.125, -22.5)","(-67.5, -56.25)"
363,Grid_11_11,-25.3125,-50.625,"(-28.125, -22.5)","(-56.25, -45.0)"
364,Grid_11_12,-25.3125,-39.375,"(-28.125, -22.5)","(-45.0, -33.75)"
365,Grid_11_13,-25.3125,-28.125,"(-28.125, -22.5)","(-33.75, -22.5)"
366,Grid_11_14,-25.3125,-16.875,"(-28.125, -22.5)","(-22.5, -11.25)"
367,Grid_11_15,-25.3125,-5.625,"(-28.125, -22.5)","(-11.25, 0.0)"
368,Grid_11_16,-25.3125,5.625,"(-28.125, -22.5)","(0.0, 11.25)"
369,Grid_11_17,-25.3125,16.875,"(-28.125, -22.5)","(11.25, 22.5)"
370,Grid_11_18,-25.3125,28.125,"(-28.125, -22.5)","(22.5, 33.75)"
371,Grid_11_19,-25.3125,39.375,"(-28.125, -22.5)","(33.75, 45.0)"
372,Grid_11_20,-25.3125,50.625,"(-28.125, -22.5)","(45.0, 56.25)"
373,Grid_11_21,-25.3125,61.875,"(-28.125, -22.5)","(56.25, 67.5)"
374,Grid_11_22,-25.3125,73.125,"(-28.125, -22.5)","(67.5, 78.75)"
375,Grid_11_23,-25.3125,84.375,"(-28.125, -22.5)","(78.75, 90.0)"
376,Grid_11_24,-25.3125,95.625,"(-28.125, -22.5)","(90.0, 101.25)"
377,Grid_11_25,-25.3125,106.875,"(-28.125, -22.5)","(101.25, 112.5)"
378,Grid_11_26,-25.3125,118.125,"(-28.125, -22.5)","(112.5, 123.75)"
379,Grid_11_27,-25.3125,129.375,"(-28.125, -22.5)","(123.75, 135.0)"
380,Grid_11_28,-25.3125,140.625,"(-28.125, -22.5)","(135.0, 146.25)"
381,Grid_11_29,-25.3125,151.875,"(-28.125, -22.5)","(146.25, 157.5)"
382,Grid_11_30,-25.3125,163.125,"(-28.125, -22.5)","(157.5, 168.75)"
383,Grid_11_31,-25.3125,174.375,"(-28.125, -22.5)","(168.75, 180.0)"
384,Grid_12_0,-19.6875,-174.375,"(-22.5, -16.875)","(-180.0, -168.75)"
385,Grid_12_1,-19.6875,-163.125,"(-22.5, -16.875)","(-168.75, -157.5)"
386,Grid_12_2,-19.6875,-151.875,"(-22.5, -16.875)","(-157.5, -146.25)"
387,Grid_12_3,-19.6875,-140.625,"(-22.5, -16.875)","(-146.25, -135.0)"
388,Grid_12_4,-19.6875,-129.375,"(-22.5, -16.875)","(-135.0, -123.75)"
389,Grid_12_5,-19.6875,-118.125,"(-22.5, -16.875)","(-123.75, -112.5)"
390,Grid_12_6,-19.6875,-106.875,"(-22.5, -16.875)","(-112.5, -101.25)"
391,Grid_12_7,-19.6875,-95.625,"(-22.5, -16.875)","(-101.25, -90.0)"
392,Grid_12_8,-19.6875,-84.375,"(-22.5, -16.875)","(-90.0, -78.75)"
393,Grid_12_9,-19.6875,-73.125,"(-22.5, -16.875)","(-78.75, -67.5)"
394,Grid_12_10,-19.6875,-61.875,"(-22.5, -16.875)","(-67.5, -56.25)"
395,Grid_12_11,-19.6875,-50.625,"(-22.5, -16.875)","(-56.25, -45.0)"
396,Grid_12_12,-19.6875,-39.375,"(-22.5, -16.875)","(-45.0, -33.75)"
397,Grid_12_13,-19.6875,-28.125,"(-22.5, -16.875)","(-33.75, -22.5)"
398,Grid_12_14,-19.6875,-16.875,"(-22.5, -16.875)","(-22.5, -11.25)"
399,Grid_12_15,-19.6875,-5.625,"(-22.5, -16.875)","(-11.25, 0.0)"
400,Grid_12_16,-19.6875,5.625,"(-22.5, -16.875)","(0.0, 11.25)"
401,Grid_12_17,-19.6875,16.875,"(-22.5, -16.875)","(11.25, 22.5)"
402,Grid_12_18,-19.6875,28.125,"(-22.5, -16.875)","(22.5, 33.75)"
403,Grid_12_19,-19.6875,39.375,"(-22.5, -16.875)","(33.75, 45.0)"
404,Grid_12_20,-19.6875,50.625,"(-22.5, -16.875)","(45.0, 56.25)"
405,Grid_12_21,-19.6875,61.875,"(-22.5, -16.875)","(56.25, 67.5)"
406,Grid_12_22,-19.6875,73.125,"(-22.5, -16.875)","(67.5, 78.75)"
407,Grid_12_23,-19.6875,84.375,"(-22.5, -16.875)","(78.75, 90.0)"
408,Grid_12_24,-19.6875,95.625,"(-22.5, -16.875)","(90.0, 101.25)"
409,Grid_12_25,-19.6875,106.875,"(-22.5, -16.875)","(101.25, 112.5)"
410,Grid_12_26,-19.6875,118.125,"(-22.5, -16.875)","(112.5, 123.75)"
411,Grid_12_27,-19.6875,129.375,"(-22.5, -16.875)","(123.75, 135.0)"
412,Grid_12_28,-19.6875,140.625,"(-22.5, -16.875)","(135.0, 146.25)"
413,Grid_12_29,-19.6875,151.875,"(-22.5, -16.875)","(146.25, 157.5)"
414,Grid_12_30,-19.6875,163.125,"(-22.5, -16.875)","(157.5, 168.75)"
415,Grid_12_31,-19.6875,174.375,"(-22.5, -16.875)","(168.75, 180.0)"
416,Grid_13_0,-14.0625,-174.375,"(-16.875, -11.25)","(-180.0, -168.75)"
417,Grid_13_1,-14.0625,-163.125,"(-16.875, -11.25)","(-168.75, -157.5)"
418,Grid_13_2,-14.0625,-151.875,"(-16.875, -11.25)","(-157.5, -146.25)"
419,Grid_13_3,-14.0625,-140.625,"(-16.875, -11.25)","(-146.25, -135.0)"
420,Grid_13_4,-14.0625,-129.375,"(-16.875, -11.25)","(-135.0, -123.75)"
421,Grid_13_5,-14.0625,-118.125,"(-16.875, -11.25)","(-123.75, -112.5)"
422,Grid_13_6,-14.0625,-106.875,"(-16.875, -11.25)","(-112.5, -101.25)"
423,Grid_13_7,-14.0625,-95.625,"(-16.875, -11.25)","(-101.25, -90.0)"
424,Grid_13_8,-14.0625,-84.375,"(-16.875, -11.25)","(-90.0, -78.75)"
425,Grid_13_9,-14.0625,-73.125,"(-16.875, -11.25)","(-78.75, -67.5)"
426,Grid_13_10,-14.0625,-61.875,"(-16.875, -11.25)","(-67.5, -56.25)"
427,Grid_13_11,-14.0625,-50.625,"(-16.875, -11.25)","(-56.25, -45.0)"
428,Grid_13_12,-14.0625,-39.375,"(-16.875, -11.25)","(-45.0, -33.75)"
429,Grid_13_13,-14.0625,-28.125,"(-16.875, -11.25)","(-33.75, -22.5)"
430,Grid_13_14,-14.0625,-16.875,"(-16.875, -11.25)","(-22.5, -11.25)"
431,Grid_13_15,-14.0625,-5.625,"(-16.875, -11.25)","(-11.25, 0.0)"
432,Grid_13_16,-14.0625,5.625,"(-16.875, -11.25)","(0.0, 11.25)"
433,Grid_13_17,-14.0625,16.875,"(-16.875, -11.25)","(11.25, 22.5)"
434,Grid_13_18,-14.0625,28.125,"(-16.875, -11.25)","(22.5, 33.75)"
435,Grid_13_19,-14.0625,39.375,"(-16.875, -11.25)","(33.75, 45.0)"
436,Grid_13_20,-14.0625,50.625,"(-16.875, -11.25)","(45.0, 56.25)"
437,Grid_13_21,-14.0625,61.875,"(-16.875, -11.25)","(56.25, 67.5)"
438,Grid_13_22,-14.0625,73.125,"(-16.875, -11.25)","(67.5, 78.75)"
439,Grid_13_23,-14.0625,84.375,"(-16.875, -11.25)","(78.75, 90.0)"
440,Grid_13_24,-14.0625,95.625,"(-16.875, -11.25)","(90.0, 101.25)"
441,Grid_13_25,-14.0625,106.875,"(-16.875, -11.25)","(101.25, 112.5)"
442,Grid_13_26,-14.0625,118.125,"(-16.875, -11.25)","(112.5, 123.75)"
443,Grid_13_27,-14.0625,129.375,"(-16.875, -11.25)","(123.75, 135.0)"
444,Grid_13_28,-14.0625,140.625,"(-16.875, -11.25)","(135.0, 146.25)"
445,Grid_13_29,-14.0625,151.875,"(-16.875, -11.25)","(146.25, 157.5)"
446,Grid_13_30,-14.0625,163.125,"(-16.875, -11.25)","(157.5, 168.75)"
447,Grid_13_31,-14.0625,174.375,"(-16.875, -11.25)","(168.75, 180.0)"
448,Grid_14_0,-8.4375,-174.375,"(-11.25, -5.625)","(-180.0, -168.75)"
449,Grid_14_1,-8.4375,-163.125,"(-11.25, -5.625)","(-168.75, -157.5)"
450,Grid_14_2,-8.4375,-151.875,"(-11.25, -5.625)","(-157.5, -146.25)"
451,Grid_14_3,-8.4375,-140.625,"(-11.25, -5.625)","(-146.25, -135.0)"
452,Grid_14_4,-8.4375,-129.375,"(-11.25, -5.625)","(-135.0, -123.75)"
453,Grid_14_5,-8.4375,-118.125,"(-11.25, -5.625)","(-123.75, -112.5)"
454,Grid_14_6,-8.4375,-106.875,"(-11.25, -5.625)","(-112.5, -101.25)"
455,Grid_14_7,-8.4375,-95.625,"(-11.25, -5.625)","(-101.25, -90.0)"
456,Grid_14_8,-8.4375,-84.375,"(-11.25, -5.625)","(-90.0, -78.75)"
457,Grid_14_9,-8.4375,-73.125,"(-11.25, -5.625)","(-78.75, -67.5)"
458,Grid_14_10,-8.4375,-61.875,"(-11.25, -5.625)","(-67.5, -56.25)"
459,Grid_14_11,-8.4375,-50.625,"(-11.25, -5.625)","(-56.25, -45.0)"
460,Grid_14_12,-8.4375,-39.375,"(-11.25, -5.625)","(-45.0, -33.75)"
461,Grid_14_13,-8.4375,-28.125,"(-11.25, -5.625)","(-33.75, -22.5)"
462,Grid_14_14,-8.4375,-16.875,"(-11.25, -5.625)","(-22.5, -11.25)"
463,Grid_14_15,-8.4375,-5.625,"(-11.25, -5.625)","(-11.25, 0.0)"
464,Grid_14_16,-8.4375,5.625,"(-11.25, -5.625)","(0.0, 11.25)"
465,Grid_14_17,-8.4375,16.875,"(-11.25, -5.625)","(11.25, 22.5)"
466,Grid_14_18,-8.4375,28.125,"(-11.25, -5.625)","(22.5, 33.75)"
467,Grid_14_19,-8.4375,39.375,"(-11.25, -5.625)","(33.75, 45.0)"
468,Grid_14_20,-8.4375,50.625,"(-11.25, -5.625)","(45.0, 56.25)"
469,Grid_14_21,-8.4375,61.875,"(-11.25, -5.625)","(56.25, 67.5)"
470,Grid_14_22,-8.4375,73.125,"(-11.25, -5.625)","(67.5, 78.75)"
471,Grid_14_23,-8.4375,84.375,"(-11.25, -5.625)","(78.75, 90.0)"
472,Grid_14_24,-8.4375,95.625,"(-11.25, -5.625)","(90.0, 101.25)"
473,Grid_14_25,-8.4375,106.875,"(-11.25, -5.625)","(101.25, 112.5)"
474,Grid_14_26,-8.4375,118.125,"(-11.25, -5.625)","(112.5, 123.75)"
475,Grid_14_27,-8.4375,129.375,"(-11.25, -5.625)","(123.75, 135.0)"
476,Grid_14_28,-8.4375,140.625,"(-11.25, -5.625)","(135.0, 146.25)"
477,Grid_14_29,-8.4375,151.875,"(-11.25, -5.625)","(146.25, 157.5)"
478,Grid_14_30,-8.4375,163.125,"(-11.25, -5.625)","(157.5, 168.75)"
479,Grid_14_31,-8.4375,174.375,"(-11.25, -5.625)","(168.75, 180.0)"
480,Grid_15_0,-2.8125,-174.375,"(-5.625, 0.0)","(-180.0, -168.75)"
481,Grid_15_1,-2.8125,-163.125,"(-5.625, 0.0)","(-168.75, -157.5)"
482,Grid_15_2,-2.8125,-151.875,"(-5.625, 0.0)","(-157.5, -146.25)"
483,Grid_15_3,-2.8125,-140.625,"(-5.625, 0.0)","(-146.25, -135.0)"
484,Grid_15_4,-2.8125,-129.375,"(-5.625, 0.0)","(-135.0, -123.75)"
485,Grid_15_5,-2.8125,-118.125,"(-5.625, 0.0)","(-123.75, -112.5)"
486,Grid_15_6,-2.8125,-106.875,"(-5.625, 0.0)","(-112.5, -101.25)"
487,Grid_15_7,-2.8125,-95.625,"(-5.625, 0.0)","(-101.25, -90.0)"
488,Grid_15_8,-2.8125,-84.375,"(-5.625, 0.0)","(-90.0, -78.75)"
489,Grid_15_9,-2.8125,-73.125,"(-5.625, 0.0)","(-78.75, -67.5)"
490,Grid_15_10,-2.8125,-61.875,"(-5.625, 0.0)","(-67.5, -56.25)"
491,Grid_15_11,-2.8125,-50.625,"(-5.625, 0.0)","(-56.25, -45.0)"
492,Grid_15_12,-2.8125,-39.375,"(-5.625, 0.0)","(-45.0, -33.75)"
493,Grid_15_13,-2.8125,-28.125,"(-5.625, 0.0)","(-33.75, -22.5)"
494,Grid_15_14,-2.8125,-16.875,"(-5.625, 0.0)","(-22.5, -11.25)"
495,Grid_15_15,-2.8125,-5.625,"(-5.625, 0.0)","(-11.25, 0.0)"
496,Grid_15_16,-2.8125,5.625,"(-5.625, 0.0)","(0.0, 11.25)"
497,Grid_15_17,-2.8125,16.875,"(-5.625, 0.0)","(11.25, 22.5)"
498,Grid_15_18,-2.8125,28.125,"(-5.625, 0.0)","(22.5, 33.75)"
499,Grid_15_19,-2.8125,39.375,"(-5.625, 0.0)","(33.75, 45.0)"
500,Grid_15_20,-2.8125,50.625,"(-5.625, 0.0)","(45.0, 56.25)"
501,Grid_15_21,-2.8125,61.875,"(-5.625, 0.0)","(56.25, 67.5)"
502,Grid_15_22,-2.8125,73.125,"(-5.625, 0.0)","(67.5, 78.75)"
503,Grid_15_23,-2.8125,84.375,"(-5.625, 0.0)","(78.75, 90.0)"
504,Grid_15_24,-2.8125,95.625,"(-5.625, 0.0)","(90.0, 101.25)"
505,Grid_15_25,-2.8125,106.875,"(-5.625, 0.0)","(101.25, 112.5)"
506,Grid_15_26,-2.8125,118.125,"(-5.625, 0.0)","(112.5, 123.75)"
507,Grid_15_27,-2.8125,129.375,"(-5.625, 0.0)","(123.75, 135.0)"
508,Grid_15_28,-2.8125,140.625,"(-5.625, 0.0)","(135.0, 146.25)"
509,Grid_15_29,-2.8125,151.875,"(-5.625, 0.0)","(146.25, 157.5)"
510,Grid_15_30,-2.8125,163.125,"(-5.625, 0.0)","(157.5, 168.75)"
511,Grid_15_31,-2.8125,174.375,"(-5.625, 0.0)","(168.75, 180.0)"
512,Grid_16_0,2.8125,-174.375,"(0.0, 5.625)","(-180.0, -168.75)"
513,Grid_16_1,2.8125,-163.125,"(0.0, 5.625)","(-168.75, -157.5)"
514,Grid_16_2,2.8125,-151.875,"(0.0, 5.625)","(-157.5, -146.25)"
515,Grid_16_3,2.8125,-140.625,"(0.0, 5.625)","(-146.25, -135.0)"
516,Grid_16_4,2.8125,-129.375,"(0.0, 5.625)","(-135.0, -123.75)"
517,Grid_16_5,2.8125,-118.125,"(0.0, 5.625)","(-123.75, -112.5)"
518,Grid_16_6,2.8125,-106.875,"(0.0, 5.625)","(-112.5, -101.25)"
519,Grid_16_7,2.8125,-95.625,"(0.0, 5.625)","(-101.25, -90.0)"
520,Grid_16_8,2.8125,-84.375,"(0.0, 5.625)","(-90.0, -78.75)"
521,Grid_16_9,2.8125,-73.125,"(0.0, 5.625)","(-78.75, -67.5)"
522,Grid_16_10,2.8125,-61.875,"(0.0, 5.625)","(-67.5, -56.25)"
523,Grid_16_11,2.8125,-50.625,"(0.0, 5.625)","(-56.25, -45.0)"
524,Grid_16_12,2.8125,-39.375,"(0.0, 5.625)","(-45.0, -33.75)"
525,Grid_16_13,2.8125,-28.125,"(0.0, 5.625)","(-33.75, -22.5)"
526,Grid_16_14,2.8125,-16.875,"(0.0, 5.625)","(-22.5, -11.25)"
527,Grid_16_15,2.8125,-5.625,"(0.0, 5.625)","(-11.25, 0.0)"
528,Grid_16_16,2.8125,5.625,"(0.0, 5.625)","(0.0, 11.25)"
529,Grid_16_17,2.8125,16.875,"(0.0, 5.625)","(11.25, 22.5)"
530,Grid_16_18,2.8125,28.125,"(0.0, 5.625)","(22.5, 33.75)"
531,Grid_16_19,2.8125,39.375,"(0.0, 5.625)","(33.75, 45.0)"
532,Grid_16_20,2.8125,50.625,"(0.0, 5.625)","(45.0, 56.25)"
533,Grid_16_21,2.8125,61.875,"(0.0, 5.625)","(56.25, 67.5)"
534,Grid_16_22,2.8125,73.125,"(0.0, 5.625)","(67.5, 78.75)"
535,Grid_16_23,2.8125,84.375,"(0.0, 5.625)","(78.75, 90.0)"
536,Grid_16_24,2.8125,95.625,"(0.0, 5.625)","(90.0, 101.25)"
537,Grid_16_25,2.8125,106.875,"(0.0, 5.625)","(101.25, 112.5)"
538,Grid_16_26,2.8125,118.125,"(0.0, 5.625)","(112.5, 123.75)"
539,Grid_16_27,2.8125,129.375,"(0.0, 5.625)","(123.75, 135.0)"
540,Grid_16_28,2.8125,140.625,"(0.0, 5.625)","(135.0, 146.25)"
541,Grid_16_29,2.8125,151.875,"(0.0, 5.625)","(146.25, 157.5)"
542,Grid_16_30,2.8125,163.125,"(0.0, 5.625)","(157.5, 168.75)"
543,Grid_16_31,2.8125,174.375,"(0.0, 5.625)","(168.75, 180.0)"
544,Grid_17_0,8.4375,-174.375,"(5.625, 11.25)","(-180.0, -168.75)"
545,Grid_17_1,8.4375,-163.125,"(5.625, 11.25)","(-168.75, -157.5)"
546,Grid_17_2,8.4375,-151.875,"(5.625, 11.25)","(-157.5, -146.25)"
547,Grid_17_3,8.4375,-140.625,"(5.625, 11.25)","(-146.25, -135.0)"
548,Grid_17_4,8.4375,-129.375,"(5.625, 11.25)","(-135.0, -123.75)"
549,Grid_17_5,8.4375,-118.125,"(5.625, 11.25)","(-123.75, -112.5)"
550,Grid_17_6,8.4375,-106.875,"(5.625, 11.25)","(-112.5, -101.25)"
551,Grid_17_7,8.4375,-95.625,"(5.625, 11.25)","(-101.25, -90.0)"
552,Grid_17_8,8.4375,-84.375,"(5.625, 11.25)","(-90.0, -78.75)"
553,Grid_17_9,8.4375,-73.125,"(5.625, 11.25)","(-78.75, -67.5)"
554,Grid_17_10,8.4375,-61.875,"(5.625, 11.25)","(-67.5, -56.25)"
555,Grid_17_11,8.4375,-50.625,"(5.625, 11.25)","(-56.25, -45.0)"
556,Grid_17_12,8.4375,-39.375,"(5.625, 11.25)","(-45.0, -33.75)"
557,Grid_17_13,8.4375,-28.125,"(5.625, 11.25)","(-33.75, -22.5)"
558,Grid_17_14,8.4375,-16.875,"(5.625, 11.25)","(-22.5, -11.25)"
559,Grid_17_15,8.4375,-5.625,"(5.625, 11.25)","(-11.25, 0.0)"
560,Grid_17_16,8.4375,5.625,"(5.625, 11.25)","(0.0, 11.25)"
561,Grid_17_17,8.4375,16.875,"(5.625, 11.25)","(11.25, 22.5)"
562,Grid_17_18,8.4375,28.125,"(5.625, 11.25)","(22.5, 33.75)"
563,Grid_17_19,8.4375,39.375,"(5.625, 11.25)","(33.75, 45.0)"
564,Grid_17_20,8.4375,50.625,"(5.625, 11.25)","(45.0, 56.25)"
565,Grid_17_21,8.4375,61.875,"(5.625, 11.25)","(56.25, 67.5)"
566,Grid_17_22,8.4375,73.125,"(5.625, 11.25)","(67.5, 78.75)"
567,Grid_17_23,8.4375,84.375,"(5.625, 11.25)","(78.75, 90.0)"
568,Grid_17_24,8.4375,95.625,"(5.625, 11.25)","(90.0, 101.25)"
569,Grid_17_25,8.4375,106.875,"(5.625, 11.25)","(101.25, 112.5)"
570,Grid_17_26,8.4375,118.125,"(5.625, 11.25)","(112.5, 123.75)"
571,Grid_17_27,8.4375,129.375,"(5.625, 11.25)","(123.75, 135.0)"
572,Grid_17_28,8.4375,140.625,"(5.625, 11.25)","(135.0, 146.25)"
573,Grid_17_29,8.4375,151.875,"(5.625, 11.25)","(146.25, 157.5)"
574,Grid_17_30,8.4375,163.125,"(5.625, 11.25)","(157.5, 168.75)"
575,Grid_17_31,8.4375,174.375,"(5.625, 11.25)","(168.75, 180.0)"
576,Grid_18_0,14.0625,-174.375,"(11.25, 16.875)","(-180.0, -168.75)"
577,Grid_18_1,14.0625,-163.125,"(11.25, 16.875)","(-168.75, -157.5)"
578,Grid_18_2,14.0625,-151.875,"(11.25, 16.875)","(-157.5, -146.25)"
579,Grid_18_3,14.0625,-140.625,"(11.25, 16.875)","(-146.25, -135.0)"
580,Grid_18_4,14.0625,-129.375,"(11.25, 16.875)","(-135.0, -123.75)"
581,Grid_18_5,14.0625,-118.125,"(11.25, 16.875)","(-123.75, -112.5)"
582,Grid_18_6,14.0625,-106.875,"(11.25, 16.875)","(-112.5, -101.25)"
583,Grid_18_7,14.0625,-95.625,"(11.25, 16.875)","(-101.25, -90.0)"
584,Grid_18_8,14.0625,-84.375,"(11.25, 16.875)","(-90.0, -78.75)"
585,Grid_18_9,14.0625,-73.125,"(11.25, 16.875)","(-78.75, -67.5)"
586,Grid_18_10,14.0625,-61.875,"(11.25, 16.875)","(-67.5, -56.25)"
587,Grid_18_11,14.0625,-50.625,"(11.25, 16.875)","(-56.25, -45.0)"
588,Grid_18_12,14.0625,-39.375,"(11.25, 16.875)","(-45.0, -33.75)"
589,Grid_18_13,14.0625,-28.125,"(11.25, 16.875)","(-33.75, -22.5)"
590,Grid_18_14,14.0625,-16.875,"(11.25, 16.875)","(-22.5, -11.25)"
591,Grid_18_15,14.0625,-5.625,"(11.25, 16.875)","(-11.25, 0.0)"
592,Grid_18_16,14.0625,5.625,"(11.25, 16.875)","(0.0, 11.25)"
593,Grid_18_17,14.0625,16.875,"(11.25, 16.875)","(11.25, 22.5)"
594,Grid_18_18,14.0625,28.125,"(11.25, 16.875)","(22.5, 33.75)"
595,Grid_18_19,14.0625,39.375,"(11.25, 16.875)","(33.75, 45.0)"
596,Grid_18_20,14.0625,50.625,"(11.25, 16.875)","(45.0, 56.25)"
597,Grid_18_21,14.0625,61.875,"(11.25, 16.875)","(56.25, 67.5)"
598,Grid_18_22,14.0625,73.125,"(11.25, 16.875)","(67.5, 78.75)"
599,Grid_18_23,14.0625,84.375,"(11.25, 16.875)","(78.75, 90.0)"
600,Grid_18_24,14.0625,95.625,"(11.25, 16.875)","(90.0, 101.25)"
601,Grid_18_25,14.0625,106.875,"(11.25, 16.875)","(101.25, 112.5)"
602,Grid_18_26,14.0625,118.125,"(11.25, 16.875)","(112.5, 123.75)"
603,Grid_18_27,14.0625,129.375,"(11.25, 16.875)","(123.75, 135.0)"
604,Grid_18_28,14.0625,140.625,"(11.25, 16.875)","(135.0, 146.25)"
605,Grid_18_29,14.0625,151.875,"(11.25, 16.875)","(146.25, 157.5)"
606,Grid_18_30,14.0625,163.125,"(11.25, 16.875)","(157.5, 168.75)"
607,Grid_18_31,14.0625,174.375,"(11.25, 16.875)","(168.75, 180.0)"
608,Grid_19_0,19.6875,-174.375,"(16.875, 22.5)","(-180.0, -168.75)"
609,Grid_19_1,19.6875,-163.125,"(16.875, 22.5)","(-168.75, -157.5)"
610,Grid_19_2,19.6875,-151.875,"(16.875, 22.5)","(-157.5, -146.25)"
611,Grid_19_3,19.6875,-140.625,"(16.875, 22.5)","(-146.25, -135.0)"
612,Grid_19_4,19.6875,-129.375,"(16.875, 22.5)","(-135.0, -123.75)"
613,Grid_19_5,19.6875,-118.125,"(16.875, 22.5)","(-123.75, -112.5)"
614,Grid_19_6,19.6875,-106.875,"(16.875, 22.5)","(-112.5, -101.25)"
615,Grid_19_7,19.6875,-95.625,"(16.875, 22.5)","(-101.25, -90.0)"
616,Grid_19_8,19.6875,-84.375,"(16.875, 22.5)","(-90.0, -78.75)"
617,Grid_19_9,19.6875,-73.125,"(16.875, 22.5)","(-78.75, -67.5)"
618,Grid_19_10,19.6875,-61.875,"(16.875, 22.5)","(-67.5, -56.25)"
619,Grid_19_11,19.6875,-50.625,"(16.875, 22.5)","(-56.25, -45.0)"
620,Grid_19_12,19.6875,-39.375,"(16.875, 22.5)","(-45.0, -33.75)"
621,Grid_19_13,19.6875,-28.125,"(16.875, 22.5)","(-33.75, -22.5)"
622,Grid_19_14,19.6875,-16.875,"(16.875, 22.5)","(-22.5, -11.25)"
623,Grid_19_15,19.6875,-5.625,"(16.875, 22.5)","(-11.25, 0.0)"
624,Grid_19_16,19.6875,5.625,"(16.875, 22.5)","(0.0, 11.25)"
625,Grid_19_17,19.6875,16.875,"(16.875, 22.5)","(11.25, 22.5)"
626,Grid_19_18,19.6875,28.125,"(16.875, 22.5)","(22.5, 33.75)"
627,Grid_19_19,19.6875,39.375,"(16.875, 22.5)","(33.75, 45.0)"
628,Grid_19_20,19.6875,50.625,"(16.875, 22.5)","(45.0, 56.25)"
629,Grid_19_21,19.6875,61.875,"(16.875, 22.5)","(56.25, 67.5)"
630,Grid_19_22,19.6875,73.125,"(16.875, 22.5)","(67.5, 78.75)"
631,Grid_19_23,19.6875,84.375,"(16.875, 22.5)","(78.75, 90.0)"
632,Grid_19_24,19.6875,95.625,"(16.875, 22.5)","(90.0, 101.25)"
633,Grid_19_25,19.6875,106.875,"(16.875, 22.5)","(101.25, 112.5)"
634,Grid_19_26,19.6875,118.125,"(16.875, 22.5)","(112.5, 123.75)"
635,Grid_19_27,19.6875,129.375,"(16.875, 22.5)","(123.75, 135.0)"
636,Grid_19_28,19.6875,140.625,"(16.875, 22.5)","(135.0, 146.25)"
637,Grid_19_29,19.6875,151.875,"(16.875, 22.5)","(146.25, 157.5)"
638,Grid_19_30,19.6875,163.125,"(16.875, 22.5)","(157.5, 168.75)"
639,Grid_19_31,19.6875,174.375,"(16.875, 22.5)","(168.75, 180.0)"
640,Grid_20_0,25.3125,-174.375,"(22.5, 28.125)","(-180.0, -168.75)"
641,Grid_20_1,25.3125,-163.125,"(22.5, 28.125)","(-168.75, -157.5)"
642,Grid_20_2,25.3125,-151.875,"(22.5, 28.125)","(-157.5, -146.25)"
643,Grid_20_3,25.3125,-140.625,"(22.5, 28.125)","(-146.25, -135.0)"
644,Grid_20_4,25.3125,-129.375,"(22.5, 28.125)","(-135.0, -123.75)"
645,Grid_20_5,25.3125,-118.125,"(22.5, 28.125)","(-123.75, -112.5)"
646,Grid_20_6,25.3125,-106.875,"(22.5, 28.125)","(-112.5, -101.25)"
647,Grid_20_7,25.3125,-95.625,"(22.5, 28.125)","(-101.25, -90.0)"
648,Grid_20_8,25.3125,-84.375,"(22.5, 28.125)","(-90.0, -78.75)"
649,Grid_20_9,25.3125,-73.125,"(22.5, 28.125)","(-78.75, -67.5)"
650,Grid_20_10,25.3125,-61.875,"(22.5, 28.125)","(-67.5, -56.25)"
651,Grid_20_11,25.3125,-50.625,"(22.5, 28.125)","(-56.25, -45.0)"
652,Grid_20_12,25.3125,-39.375,"(22.5, 28.125)","(-45.0, -33.75)"
653,Grid_20_13,25.3125,-28.125,"(22.5, 28.125)","(-33.75, -22.5)"
654,Grid_20_14,25.3125,-16.875,"(22.5, 28.125)","(-22.5, -11.25)"
655,Grid_20_15,25.3125,-5.625,"(22.5, 28.125)","(-11.25, 0.0)"
656,Grid_20_16,25.3125,5.625,"(22.5, 28.125)","(0.0, 11.25)"
657,Grid_20_17,25.3125,16.875,"(22.5, 28.125)","(11.25, 22.5)"
658,Grid_20_18,25.3125,28.125,"(22.5, 28.125)","(22.5, 33.75)"
659,Grid_20_19,25.3125,39.375,"(22.5, 28.125)","(33.75, 45.0)"
660,Grid_20_20,25.3125,50.625,"(22.5, 28.125)","(45.0, 56.25)"
661,Grid_20_21,25.3125,61.875,"(22.5, 28.125)","(56.25, 67.5)"
662,Grid_20_22,25.3125,73.125,"(22.5, 28.125)","(67.5, 78.75)"
663,Grid_20_23,25.3125,84.375,"(22.5, 28.125)","(78.75, 90.0)"
664,Grid_20_24,25.3125,95.625,"(22.5, 28.125)","(90.0, 101.25)"
665,Grid_20_25,25.3125,106.875,"(22.5, 28.125)","(101.25, 112.5)"
666,Grid_20_26,25.3125,118.125,"(22.5, 28.125)","(112.5, 123.75)"
667,Grid_20_27,25.3125,129.375,"(22.5, 28.125)","(123.75, 135.0)"
668,Grid_20_28,25.3125,140.625,"(22.5, 28.125)","(135.0, 146.25)"
669,Grid_20_29,25.3125,151.875,"(22.5, 28.125)","(146.25, 157.5)"
670,Grid_20_30,25.3125,163.125,"(22.5, 28.125)","(157.5, 168.75)"
671,Grid_20_31,25.3125,174.375,"(22.5, 28.125)","(168.75, 180.0)"
672,Grid_21_0,30.9375,-174.375,"(28.125, 33.75)","(-180.0, -168.75)"
673,Grid_21_1,30.9375,-163.125,"(28.125, 33.75)","(-168.75, -157.5)"
674,Grid_21_2,30.9375,-151.875,"(28.125, 33.75)","(-157.5, -146.25)"
675,Grid_21_3,30.9375,-140.625,"(28.125, 33.75)","(-146.25, -135.0)"
676,Grid_21_4,30.9375,-129.375,"(28.125, 33.75)","(-135.0, -123.75)"
677,Grid_21_5,30.9375,-118.125,"(28.125, 33.75)","(-123.75, -112.5)"
678,Grid_21_6,30.9375,-106.875,"(28.125, 33.75)","(-112.5, -101.25)"
679,Grid_21_7,30.9375,-95.625,"(28.125, 33.75)","(-101.25, -90.0)"
680,Grid_21_8,30.9375,-84.375,"(28.125, 33.75)","(-90.0, -78.75)"
681,Grid_21_9,30.9375,-73.125,"(28.125, 33.75)","(-78.75, -67.5)"
682,Grid_21_10,30.9375,-61.875,"(28.125, 33.75)","(-67.5, -56.25)"
683,Grid_21_11,30.9375,-50.625,"(28.125, 33.75)","(-56.25, -45.0)"
684,Grid_21_12,30.9375,-39.375,"(28.125, 33.75)","(-45.0, -33.75)"
685,Grid_21_13,30.9375,-28.125,"(28.125, 33.75)","(-33.75, -22.5)"
686,Grid_21_14,30.9375,-16.875,"(28.125, 33.75)","(-22.5, -11.25)"
687,Grid_21_15,30.9375,-5.625,"(28.125, 33.75)","(-11.25, 0.0)"
688,Grid_21_16,30.9375,5.625,"(28.125, 33.75)","(0.0, 11.25)"
689,Grid_21_17,30.9375,16.875,"(28.125, 33.75)","(11.25, 22.5)"
690,Grid_21_18,30.9375,28.125,"(28.125, 33.75)","(22.5, 33.75)"
691,Grid_21_19,30.9375,39.375,"(28.125, 33.75)","(33.75, 45.0)"
692,Grid_21_20,30.9375,50.625,"(28.125, 33.75)","(45.0, 56.25)"
693,Grid_21_21,30.9375,61.875,"(28.125, 33.75)","(56.25, 67.5)"
694,Grid_21_22,30.9375,73.125,"(28.125, 33.75)","(67.5, 78.75)"
695,Grid_21_23,30.9375,84.375,"(28.125, 33.75)","(78.75, 90.0)"
696,Grid_21_24,30.9375,95.625,"(28.125, 33.75)","(90.0, 101.25)"
697,Grid_21_25,30.9375,106.875,"(28.125, 33.75)","(101.25, 112.5)"
698,Grid_21_26,30.9375,118.125,"(28.125, 33.75)","(112.5, 123.75)"
699,Grid_21_27,30.9375,129.375,"(28.125, 33.75)","(123.75, 135.0)"
700,Grid_21_28,30.9375,140.625,"(28.125, 33.75)","(135.0, 146.25)"
701,Grid_21_29,30.9375,151.875,"(28.125, 33.75)","(146.25, 157.5)"
702,Grid_21_30,30.9375,163.125,"(28.125, 33.75)","(157.5, 168.75)"
703,Grid_21_31,30.9375,174.375,"(28.125, 33.75)","(168.75, 180.0)"
704,Grid_22_0,36.5625,-174.375,"(33.75, 39.375)","(-180.0, -168.75)"
705,Grid_22_1,36.5625,-163.125,"(33.75, 39.375)","(-168.75, -157.5)"
706,Grid_22_2,36.5625,-151.875,"(33.75, 39.375)","(-157.5, -146.25)"
707,Grid_22_3,36.5625,-140.625,"(33.75, 39.375)","(-146.25, -135.0)"
708,Grid_22_4,36.5625,-129.375,"(33.75, 39.375)","(-135.0, -123.75)"
709,Grid_22_5,36.5625,-118.125,"(33.75, 39.375)","(-123.75, -112.5)"
710,Grid_22_6,36.5625,-106.875,"(33.75, 39.375)","(-112.5, -101.25)"
711,Grid_22_7,36.5625,-95.625,"(33.75, 39.375)","(-101.25, -90.0)"
712,Grid_22_8,36.5625,-84.375,"(33.75, 39.375)","(-90.0, -78.75)"
713,Grid_22_9,36.5625,-73.125,"(33.75, 39.375)","(-78.75, -67.5)"
714,Grid_22_10,36.5625,-61.875,"(33.75, 39.375)","(-67.5, -56.25)"
715,Grid_22_11,36.5625,-50.625,"(33.75, 39.375)","(-56.25, -45.0)"
716,Grid_22_12,36.5625,-39.375,"(33.75, 39.375)","(-45.0, -33.75)"
717,Grid_22_13,36.5625,-28.125,"(33.75, 39.375)","(-33.75, -22.5)"
718,Grid_22_14,36.5625,-16.875,"(33.75, 39.375)","(-22.5, -11.25)"
719,Grid_22_15,36.5625,-5.625,"(33.75, 39.375)","(-11.25, 0.0)"
720,Grid_22_16,36.5625,5.625,"(33.75, 39.375)","(0.0, 11.25)"
721,Grid_22_17,36.5625,16.875,"(33.75, 39.375)","(11.25, 22.5)"
722,Grid_22_18,36.5625,28.125,"(33.75, 39.375)","(22.5, 33.75)"
723,Grid_22_19,36.5625,39.375,"(33.75, 39.375)","(33.75, 45.0)"
724,Grid_22_20,36.5625,50.625,"(33.75, 39.375)","(45.0, 56.25)"
725,Grid_22_21,36.5625,61.875,"(33.75, 39.375)","(56.25, 67.5)"
726,Grid_22_22,36.5625,73.125,"(33.75, 39.375)","(67.5, 78.75)"
727,Grid_22_23,36.5625,84.375,"(33.75, 39.375)","(78.75, 90.0)"
728,Grid_22_24,36.5625,95.625,"(33.75, 39.375)","(90.0, 101.25)"
729,Grid_22_25,36.5625,106.875,"(33.75, 39.375)","(101.25, 112.5)"
730,Grid_22_26,36.5625,118.125,"(33.75, 39.375)","(112.5, 123.75)"
731,Grid_22_27,36.5625,129.375,"(33.75, 39.375)","(123.75, 135.0)"
732,Grid_22_28,36.5625,140.625,"(33.75, 39.375)","(135.0, 146.25)"
733,Grid_22_29,36.5625,151.875,"(33.75, 39.375)","(146.25, 157.5)"
734,Grid_22_30,36.5625,163.125,"(33.75, 39.375)","(157.5, 168.75)"
735,Grid_22_31,36.5625,174.375,"(33.75, 39.375)","(168.75, 180.0)"
736,Grid_23_0,42.1875,-174.375,"(39.375, 45.0)","(-180.0, -168.75)"
737,Grid_23_1,42.1875,-163.125,"(39.375, 45.0)","(-168.75, -157.5)"
738,Grid_23_2,42.1875,-151.875,"(39.375, 45.0)","(-157.5, -146.25)"
739,Grid_23_3,42.1875,-140.625,"(39.375, 45.0)","(-146.25, -135.0)"
740,Grid_23_4,42.1875,-129.375,"(39.375, 45.0)","(-135.0, -123.75)"
741,Grid_23_5,42.1875,-118.125,"(39.375, 45.0)","(-123.75, -112.5)"
742,Grid_23_6,42.1875,-106.875,"(39.375, 45.0)","(-112.5, -101.25)"
743,Grid_23_7,42.1875,-95.625,"(39.375, 45.0)","(-101.25, -90.0)"
744,Grid_23_8,42.1875,-84.375,"(39.375, 45.0)","(-90.0, -78.75)"
745,Grid_23_9,42.1875,-73.125,"(39.375, 45.0)","(-78.75, -67.5)"
746,Grid_23_10,42.1875,-61.875,"(39.375, 45.0)","(-67.5, -56.25)"
747,Grid_23_11,42.1875,-50.625,"(39.375, 45.0)","(-56.25, -45.0)"
748,Grid_23_12,42.1875,-39.375,"(39.375, 45.0)","(-45.0, -33.75)"
749,Grid_23_13,42.1875,-28.125,"(39.375, 45.0)","(-33.75, -22.5)"
750,Grid_23_14,42.1875,-16.875,"(39.375, 45.0)","(-22.5, -11.25)"
751,Grid_23_15,42.1875,-5.625,"(39.375, 45.0)","(-11.25, 0.0)"
752,Grid_23_16,42.1875,5.625,"(39.375, 45.0)","(0.0, 11.25)"
753,Grid_23_17,42.1875,16.875,"(39.375, 45.0)","(11.25, 22.5)"
754,Grid_23_18,42.1875,28.125,"(39.375, 45.0)","(22.5, 33.75)"
755,Grid_23_19,42.1875,39.375,"(39.375, 45.0)","(33.75, 45.0)"
756,Grid_23_20,42.1875,50.625,"(39.375, 45.0)","(45.0, 56.25)"
757,Grid_23_21,42.1875,61.875,"(39.375, 45.0)","(56.25, 67.5)"
758,Grid_23_22,42.1875,73.125,"(39.375, 45.0)","(67.5, 78.75)"
759,Grid_23_23,42.1875,84.375,"(39.375, 45.0)","(78.75, 90.0)"
760,Grid_23_24,42.1875,95.625,"(39.375, 45.0)","(90.0, 101.25)"
761,Grid_23_25,42.1875,106.875,"(39.375, 45.0)","(101.25, 112.5)"
762,Grid_23_26,42.1875,118.125,"(39.375, 45.0)","(112.5, 123.75)"
763,Grid_23_27,42.1875,129.375,"(39.375, 45.0)","(123.75, 135.0)"
764,Grid_23_28,42.1875,140.625,"(39.375, 45.0)","(135.0, 146.25)"
765,Grid_23_29,42.1875,151.875,"(39.375, 45.0)","(146.25, 157.5)"
766,Grid_23_30,42.1875,163.125,"(39.375, 45.0)","(157.5, 168.75)"
767,Grid_23_31,42.1875,174.375,"(39.375, 45.0)","(168.75, 180.0)"
768,Grid_24_0,47.8125,-174.375,"(45.0, 50.625)","(-180.0, -168.75)"
769,Grid_24_1,47.8125,-163.125,"(45.0, 50.625)","(-168.75, -157.5)"
770,Grid_24_2,47.8125,-151.875,"(45.0, 50.625)","(-157.5, -146.25)"
771,Grid_24_3,47.8125,-140.625,"(45.0, 50.625)","(-146.25, -135.0)"
772,Grid_24_4,47.8125,-129.375,"(45.0, 50.625)","(-135.0, -123.75)"
773,Grid_24_5,47.8125,-118.125,"(45.0, 50.625)","(-123.75, -112.5)"
774,Grid_24_6,47.8125,-106.875,"(45.0, 50.625)","(-112.5, -101.25)"
775,Grid_24_7,47.8125,-95.625,"(45.0, 50.625)","(-101.25, -90.0)"
776,Grid_24_8,47.8125,-84.375,"(45.0, 50.625)","(-90.0, -78.75)"
777,Grid_24_9,47.8125,-73.125,"(45.0, 50.625)","(-78.75, -67.5)"
778,Grid_24_10,47.8125,-61.875,"(45.0, 50.625)","(-67.5, -56.25)"
779,Grid_24_11,47.8125,-50.625,"(45.0, 50.625)","(-56.25, -45.0)"
780,Grid_24_12,47.8125,-39.375,"(45.0, 50.625)","(-45.0, -33.75)"
781,Grid_24_13,47.8125,-28.125,"(45.0, 50.625)","(-33.75, -22.5)"
782,Grid_24_14,47.8125,-16.875,"(45.0, 50.625)","(-22.5, -11.25)"
783,Grid_24_15,47.8125,-5.625,"(45.0, 50.625)","(-11.25, 0.0)"
784,Grid_24_16,47.8125,5.625,"(45.0, 50.625)","(0.0, 11.25)"
785,Grid_24_17,47.8125,16.875,"(45.0, 50.625)","(11.25, 22.5)"
786,Grid_24_18,47.8125,28.125,"(45.0, 50.625)","(22.5, 33.75)"
787,Grid_24_19,47.8125,39.375,"(45.0, 50.625)","(33.75, 45.0)"
788,Grid_24_20,47.8125,50.625,"(45.0, 50.625)","(45.0, 56.25)"
789,Grid_24_21,47.8125,61.875,"(45.0, 50.625)","(56.25, 67.5)"
790,Grid_24_22,47.8125,73.125,"(45.0, 50.625)","(67.5, 78.75)"
791,Grid_24_23,47.8125,84.375,"(45.0, 50.625)","(78.75, 90.0)"
792,Grid_24_24,47.8125,95.625,"(45.0, 50.625)","(90.0, 101.25)"
793,Grid_24_25,47.8125,106.875,"(45.0, 50.625)","(101.25, 112.5)"
794,Grid_24_26,47.8125,118.125,"(45.0, 50.625)","(112.5, 123.75)"
795,Grid_24_27,47.8125,129.375,"(45.0, 50.625)","(123.75, 135.0)"
796,Grid_24_28,47.8125,140.625,"(45.0, 50.625)","(135.0, 146.25)"
797,Grid_24_29,47.8125,151.875,"(45.0, 50.625)","(146.25, 157.5)"
798,Grid_24_30,47.8125,163.125,"(45.0, 50.625)","(157.5, 168.75)"
799,Grid_24_31,47.8125,174.375,"(45.0, 50.625)","(168.75, 180.0)"
800,Grid_25_0,53.4375,-174.375,"(50.625, 56.25)","(-180.0, -168.75)"
801,Grid_25_1,53.4375,-163.125,"(50.625, 56.25)","(-168.75, -157.5)"
802,Grid_25_2,53.4375,-151.875,"(50.625, 56.25)","(-157.5, -146.25)"
803,Grid_25_3,53.4375,-140.625,"(50.625, 56.25)","(-146.25, -135.0)"
804,Grid_25_4,53.4375,-129.375,"(50.625, 56.25)","(-135.0, -123.75)"
805,Grid_25_5,53.4375,-118.125,"(50.625, 56.25)","(-123.75, -112.5)"
806,Grid_25_6,53.4375,-106.875,"(50.625, 56.25)","(-112.5, -101.25)"
807,Grid_25_7,53.4375,-95.625,"(50.625, 56.25)","(-101.25, -90.0)"
808,Grid_25_8,53.4375,-84.375,"(50.625, 56.25)","(-90.0, -78.75)"
809,Grid_25_9,53.4375,-73.125,"(50.625, 56.25)","(-78.75, -67.5)"
810,Grid_25_10,53.4375,-61.875,"(50.625, 56.25)","(-67.5, -56.25)"
811,Grid_25_11,53.4375,-50.625,"(50.625, 56.25)","(-56.25, -45.0)"
812,Grid_25_12,53.4375,-39.375,"(50.625, 56.25)","(-45.0, -33.75)"
813,Grid_25_13,53.4375,-28.125,"(50.625, 56.25)","(-33.75, -22.5)"
814,Grid_25_14,53.4375,-16.875,"(50.625, 56.25)","(-22.5, -11.25)"
815,Grid_25_15,53.4375,-5.625,"(50.625, 56.25)","(-11.25, 0.0)"
816,Grid_25_16,53.4375,5.625,"(50.625, 56.25)","(0.0, 11.25)"
817,Grid_25_17,53.4375,16.875,"(50.625, 56.25)","(11.25, 22.5)"
818,Grid_25_18,53.4375,28.125,"(50.625, 56.25)","(22.5, 33.75)"
819,Grid_25_19,53.4375,39.375,"(50.625, 56.25)","(33.75, 45.0)"
820,Grid_25_20,53.4375,50.625,"(50.625, 56.25)","(45.0, 56.25)"
821,Grid_25_21,53.4375,61.875,"(50.625, 56.25)","(56.25, 67.5)"
822,Grid_25_22,53.4375,73.125,"(50.625, 56.25)","(67.5, 78.75)"
823,Grid_25_23,53.4375,84.375,"(50.625, 56.25)","(78.75, 90.0)"
824,Grid_25_24,53.4375,95.625,"(50.625, 56.25)","(90.0, 101.25)"
825,Grid_25_25,53.4375,106.875,"(50.625, 56.25)","(101.25, 112.5)"
826,Grid_25_26,53.4375,118.125,"(50.625, 56.25)","(112.5, 123.75)"
827,Grid_25_27,53.4375,129.375,"(50.625, 56.25)","(123.75, 135.0)"
828,Grid_25_28,53.4375,140.625,"(50.625, 56.25)","(135.0, 146.25)"
829,Grid_25_29,53.4375,151.875,"(50.625, 56.25)","(146.25, 157.5)"
830,Grid_25_30,53.4375,163.125,"(50.625, 56.25)","(157.5, 168.75)"
831,Grid_25_31,53.4375,174.375,"(50.625, 56.25)","(168.75, 180.0)"
832,Grid_26_0,59.0625,-174.375,"(56.25, 61.875)","(-180.0, -168.75)"
833,Grid_26_1,59.0625,-163.125,"(56.25, 61.875)","(-168.75, -157.5)"
834,Grid_26_2,59.0625,-151.875,"(56.25, 61.875)","(-157.5, -146.25)"
835,Grid_26_3,59.0625,-140.625,"(56.25, 61.875)","(-146.25, -135.0)"
836,Grid_26_4,59.0625,-129.375,"(56.25, 61.875)","(-135.0, -123.75)"
837,Grid_26_5,59.0625,-118.125,"(56.25, 61.875)","(-123.75, -112.5)"
838,Grid_26_6,59.0625,-106.875,"(56.25, 61.875)","(-112.5, -101.25)"
839,Grid_26_7,59.0625,-95.625,"(56.25, 61.875)","(-101.25, -90.0)"
840,Grid_26_8,59.0625,-84.375,"(56.25, 61.875)","(-90.0, -78.75)"
841,Grid_26_9,59.0625,-73.125,"(56.25, 61.875)","(-78.75, -67.5)"
842,Grid_26_10,59.0625,-61.875,"(56.25, 61.875)","(-67.5, -56.25)"
843,Grid_26_11,59.0625,-50.625,"(56.25, 61.875)","(-56.25, -45.0)"
844,Grid_26_12,59.0625,-39.375,"(56.25, 61.875)","(-45.0, -33.75)"
845,Grid_26_13,59.0625,-28.125,"(56.25, 61.875)","(-33.75, -22.5)"
846,Grid_26_14,59.0625,-16.875,"(56.25, 61.875)","(-22.5, -11.25)"
847,Grid_26_15,59.0625,-5.625,"(56.25, 61.875)","(-11.25, 0.0)"
848,Grid_26_16,59.0625,5.625,"(56.25, 61.875)","(0.0, 11.25)"
849,Grid_26_17,59.0625,16.875,"(56.25, 61.875)","(11.25, 22.5)"
850,Grid_26_18,59.0625,28.125,"(56.25, 61.875)","(22.5, 33.75)"
851,Grid_26_19,59.0625,39.375,"(56.25, 61.875)","(33.75, 45.0)"
852,Grid_26_20,59.0625,50.625,"(56.25, 61.875)","(45.0, 56.25)"
853,Grid_26_21,59.0625,61.875,"(56.25, 61.875)","(56.25, 67.5)"
854,Grid_26_22,59.0625,73.125,"(56.25, 61.875)","(67.5, 78.75)"
855,Grid_26_23,59.0625,84.375,"(56.25, 61.875)","(78.75, 90.0)"
856,Grid_26_24,59.0625,95.625,"(56.25, 61.875)","(90.0, 101.25)"
857,Grid_26_25,59.0625,106.875,"(56.25, 61.875)","(101.25, 112.5)"
858,Grid_26_26,59.0625,118.125,"(56.25, 61.875)","(112.5, 123.75)"
859,Grid_26_27,59.0625,129.375,"(56.25, 61.875)","(123.75, 135.0)"
860,Grid_26_28,59.0625,140.625,"(56.25, 61.875)","(135.0, 146.25)"
861,Grid_26_29,59.0625,151.875,"(56.25, 61.875)","(146.25, 157.5)"
862,Grid_26_30,59.0625,163.125,"(56.25, 61.875)","(157.5, 168.75)"
863,Grid_26_31,59.0625,174.375,"(56.25, 61.875)","(168.75, 180.0)"
864,Grid_27_0,64.6875,-174.375,"(61.875, 67.5)","(-180.0, -168.75)"
865,Grid_27_1,64.6875,-163.125,"(61.875, 67.5)","(-168.75, -157.5)"
866,Grid_27_2,64.6875,-151.875,"(61.875, 67.5)","(-157.5, -146.25)"
867,Grid_27_3,64.6875,-140.625,"(61.875, 67.5)","(-146.25, -135.0)"
868,Grid_27_4,64.6875,-129.375,"(61.875, 67.5)","(-135.0, -123.75)"
869,Grid_27_5,64.6875,-118.125,"(61.875, 67.5)","(-123.75, -112.5)"
870,Grid_27_6,64.6875,-106.875,"(61.875, 67.5)","(-112.5, -101.25)"
871,Grid_27_7,64.6875,-95.625,"(61.875, 67.5)","(-101.25, -90.0)"
872,Grid_27_8,64.6875,-84.375,"(61.875, 67.5)","(-90.0, -78.75)"
873,Grid_27_9,64.6875,-73.125,"(61.875, 67.5)","(-78.75, -67.5)"
874,Grid_27_10,64.6875,-61.875,"(61.875, 67.5)","(-67.5, -56.25)"
875,Grid_27_11,64.6875,-50.625,"(61.875, 67.5)","(-56.25, -45.0)"
876,Grid_27_12,64.6875,-39.375,"(61.875, 67.5)","(-45.0, -33.75)"
877,Grid_27_13,64.6875,-28.125,"(61.875, 67.5)","(-33.75, -22.5)"
878,Grid_27_14,64.6875,-16.875,"(61.875, 67.5)","(-22.5, -11.25)"
879,Grid_27_15,64.6875,-5.625,"(61.875, 67.5)","(-11.25, 0.0)"
880,Grid_27_16,64.6875,5.625,"(61.875, 67.5)","(0.0, 11.25)"
881,Grid_27_17,64.6875,16.875,"(61.875, 67.5)","(11.25, 22.5)"
882,Grid_27_18,64.6875,28.125,"(61.875, 67.5)","(22.5, 33.75)"
883,Grid_27_19,64.6875,39.375,"(61.875, 67.5)","(33.75, 45.0)"
884,Grid_27_20,64.6875,50.625,"(61.875, 67.5)","(45.0, 56.25)"
885,Grid_27_21,64.6875,61.875,"(61.875, 67.5)","(56.25, 67.5)"
886,Grid_27_22,64.6875,73.125,"(61.875, 67.5)","(67.5, 78.75)"
887,Grid_27_23,64.6875,84.375,"(61.875, 67.5)","(78.75, 90.0)"
888,Grid_27_24,64.6875,95.625,"(61.875, 67.5)","(90.0, 101.25)"
889,Grid_27_25,64.6875,106.875,"(61.875, 67.5)","(101.25, 112.5)"
890,Grid_27_26,64.6875,118.125,"(61.875, 67.5)","(112.5, 123.75)"
891,Grid_27_27,64.6875,129.375,"(61.875, 67.5)","(123.75, 135.0)"
892,Grid_27_28,64.6875,140.625,"(61.875, 67.5)","(135.0, 146.25)"
893,Grid_27_29,64.6875,151.875,"(61.875, 67.5)","(146.25, 157.5)"
894,Grid_27_30,64.6875,163.125,"(61.875, 67.5)","(157.5, 168.75)"
895,Grid_27_31,64.6875,174.375,"(61.875, 67.5)","(168.75, 180.0)"
896,Grid_28_0,70.3125,-174.375,"(67.5, 73.125)","(-180.0, -168.75)"
897,Grid_28_1,70.3125,-163.125,"(67.5, 73.125)","(-168.75, -157.5)"
898,Grid_28_2,70.3125,-151.875,"(67.5, 73.125)","(-157.5, -146.25)"
899,Grid_28_3,70.3125,-140.625,"(67.5, 73.125)","(-146.25, -135.0)"
900,Grid_28_4,70.3125,-129.375,"(67.5, 73.125)","(-135.0, -123.75)"
901,Grid_28_5,70.3125,-118.125,"(67.5, 73.125)","(-123.75, -112.5)"
902,Grid_28_6,70.3125,-106.875,"(67.5, 73.125)","(-112.5, -101.25)"
903,Grid_28_7,70.3125,-95.625,"(67.5, 73.125)","(-101.25, -90.0)"
904,Grid_28_8,70.3125,-84.375,"(67.5, 73.125)","(-90.0, -78.75)"
905,Grid_28_9,70.3125,-73.125,"(67.5, 73.125)","(-78.75, -67.5)"
906,Grid_28_10,70.3125,-61.875,"(67.5, 73.125)","(-67.5, -56.25)"
907,Grid_28_11,70.3125,-50.625,"(67.5, 73.125)","(-56.25, -45.0)"
908,Grid_28_12,70.3125,-39.375,"(67.5, 73.125)","(-45.0, -33.75)"
909,Grid_28_13,70.3125,-28.125,"(67.5, 73.125)","(-33.75, -22.5)"
910,Grid_28_14,70.3125,-16.875,"(67.5, 73.125)","(-22.5, -11.25)"
911,Grid_28_15,70.3125,-5.625,"(67.5, 73.125)","(-11.25, 0.0)"
912,Grid_28_16,70.3125,5.625,"(67.5, 73.125)","(0.0, 11.25)"
913,Grid_28_17,70.3125,16.875,"(67.5, 73.125)","(11.25, 22.5)"
914,Grid_28_18,70.3125,28.125,"(67.5, 73.125)","(22.5, 33.75)"
915,Grid_28_19,70.3125,39.375,"(67.5, 73.125)","(33.75, 45.0)"
916,Grid_28_20,70.3125,50.625,"(67.5, 73.125)","(45.0, 56.25)"
917,Grid_28_21,70.3125,61.875,"(67.5, 73.125)","(56.25, 67.5)"
918,Grid_28_22,70.3125,73.125,"(67.5, 73.125)","(67.5, 78.75)"
919,Grid_28_23,70.3125,84.375,"(67.5, 73.125)","(78.75, 90.0)"
920,Grid_28_24,70.3125,95.625,"(67.5, 73.125)","(90.0, 101.25)"
921,Grid_28_25,70.3125,106.875,"(67.5, 73.125)","(101.25, 112.5)"
922,Grid_28_26,70.3125,118.125,"(67.5, 73.125)","(112.5, 123.75)"
923,Grid_28_27,70.3125,129.375,"(67.5, 73.125)","(123.75, 135.0)"
924,Grid_28_28,70.3125,140.625,"(67.5, 73.125)","(135.0, 146.25)"
925,Grid_28_29,70.3125,151.875,"(67.5, 73.125)","(146.25, 157.5)"
926,Grid_28_30,70.3125,163.125,"(67.5, 73.125)","(157.5, 168.75)"
927,Grid_28_31,70.3125,174.375,"(67.5, 73.125)","(168.75, 180.0)"
928,Grid_29_0,75.9375,-174.375,"(73.125, 78.75)","(-180.0, -168.75)"
929,Grid_29_1,75.9375,-163.125,"(73.125, 78.75)","(-168.75, -157.5)"
930,Grid_29_2,75.9375,-151.875,"(73.125, 78.75)","(-157.5, -146.25)"
931,Grid_29_3,75.9375,-140.625,"(73.125, 78.75)","(-146.25, -135.0)"
932,Grid_29_4,75.9375,-129.375,"(73.125, 78.75)","(-135.0, -123.75)"
933,Grid_29_5,75.9375,-118.125,"(73.125, 78.75)","(-123.75, -112.5)"
934,Grid_29_6,75.9375,-106.875,"(73.125, 78.75)","(-112.5, -101.25)"
935,Grid_29_7,75.9375,-95.625,"(73.125, 78.75)","(-101.25, -90.0)"
936,Grid_29_8,75.9375,-84.375,"(73.125, 78.75)","(-90.0, -78.75)"
937,Grid_29_9,75.9375,-73.125,"(73.125, 78.75)","(-78.75, -67.5)"
938,Grid_29_10,75.9375,-61.875,"(73.125, 78.75)","(-67.5, -56.25)"
939,Grid_29_11,75.9375,-50.625,"(73.125, 78.75)","(-56.25, -45.0)"
940,Grid_29_12,75.9375,-39.375,"(73.125, 78.75)","(-45.0, -33.75)"
941,Grid_29_13,75.9375,-28.125,"(73.125, 78.75)","(-33.75, -22.5)"
942,Grid_29_14,75.9375,-16.875,"(73.125, 78.75)","(-22.5, -11.25)"
943,Grid_29_15,75.9375,-5.625,"(73.125, 78.75)","(-11.25, 0.0)"
944,Grid_29_16,75.9375,5.625,"(73.125, 78.75)","(0.0, 11.25)"
945,Grid_29_17,75.9375,16.875,"(73.125, 78.75)","(11.25, 22.5)"
946,Grid_29_18,75.9375,28.125,"(73.125, 78.75)","(22.5, 33.75)"
947,Grid_29_19,75.9375,39.375,"(73.125, 78.75)","(33.75, 45.0)"
948,Grid_29_20,75.9375,50.625,"(73.125, 78.75)","(45.0, 56.25)"
949,Grid_29_21,75.9375,61.875,"(73.125, 78.75)","(56.25, 67.5)"
950,Grid_29_22,75.9375,73.125,"(73.125, 78.75)","(67.5, 78.75)"
951,Grid_29_23,75.9375,84.375,"(73.125, 78.75)","(78.75, 90.0)"
952,Grid_29_24,75.9375,95.625,"(73.125, 78.75)","(90.0, 101.25)"
953,Grid_29_25,75.9375,106.875,"(73.125, 78.75)","(101.25, 112.5)"
954,Grid_29_26,75.9375,118.125,"(73.125, 78.75)","(112.5, 123.75)"
955,Grid_29_27,75.9375,129.375,"(73.125, 78.75)","(123.75, 135.0)"
956,Grid_29_28,75.9375,140.625,"(73.125, 78.75)","(135.0, 146.25)"
957,Grid_29_29,75.9375,151.875,"(73.125, 78.75)","(146.25, 157.5)"
958,Grid_29_30,75.9375,163.125,"(73.125, 78.75)","(157.5, 168.75)"
959,Grid_29_31,75.9375,174.375,"(73.125, 78.75)","(168.75, 180.0)"
960,Grid_30_0,81.5625,-174.375,"(78.75, 84.375)","(-180.0, -168.75)"
961,Grid_30_1,81.5625,-163.125,"(78.75, 84.375)","(-168.75, -157.5)"
962,Grid_30_2,81.5625,-151.875,"(78.75, 84.375)","(-157.5, -146.25)"
963,Grid_30_3,81.5625,-140.625,"(78.75, 84.375)","(-146.25, -135.0)"
964,Grid_30_4,81.5625,-129.375,"(78.75, 84.375)","(-135.0, -123.75)"
965,Grid_30_5,81.5625,-118.125,"(78.75, 84.375)","(-123.75, -112.5)"
966,Grid_30_6,81.5625,-106.875,"(78.75, 84.375)","(-112.5, -101.25)"
967,Grid_30_7,81.5625,-95.625,"(78.75, 84.375)","(-101.25, -90.0)"
968,Grid_30_8,81.5625,-84.375,"(78.75, 84.375)","(-90.0, -78.75)"
969,Grid_30_9,81.5625,-73.125,"(78.75, 84.375)","(-78.75, -67.5)"
970,Grid_30_10,81.5625,-61.875,"(78.75, 84.375)","(-67.5, -56.25)"
971,Grid_30_11,81.5625,-50.625,"(78.75, 84.375)","(-56.25, -45.0)"
972,Grid_30_12,81.5625,-39.375,"(78.75, 84.375)","(-45.0, -33.75)"
973,Grid_30_13,81.5625,-28.125,"(78.75, 84.375)","(-33.75, -22.5)"
974,Grid_30_14,81.5625,-16.875,"(78.75, 84.375)","(-22.5, -11.25)"
975,Grid_30_15,81.5625,-5.625,"(78.75, 84.375)","(-11.25, 0.0)"
976,Grid_30_16,81.5625,5.625,"(78.75, 84.375)","(0.0, 11.25)"
977,Grid_30_17,81.5625,16.875,"(78.75, 84.375)","(11.25, 22.5)"
978,Grid_30_18,81.5625,28.125,"(78.75, 84.375)","(22.5, 33.75)"
979,Grid_30_19,81.5625,39.375,"(78.75, 84.375)","(33.75, 45.0)"
980,Grid_30_20,81.5625,50.625,"(78.75, 84.375)","(45.0, 56.25)"
981,Grid_30_21,81.5625,61.875,"(78.75, 84.375)","(56.25, 67.5)"
982,Grid_30_22,81.5625,73.125,"(78.75, 84.375)","(67.5, 78.75)"
983,Grid_30_23,81.5625,84.375,"(78.75, 84.375)","(78.75, 90.0)"
984,Grid_30_24,81.5625,95.625,"(78.75, 84.375)","(90.0, 101.25)"
985,Grid_30_25,81.5625,106.875,"(78.75, 84.375)","(101.25, 112.5)"
986,Grid_30_26,81.5625,118.125,"(78.75, 84.375)","(112.5, 123.75)"
987,Grid_30_27,81.5625,129.375,"(78.75, 84.375)","(123.75, 135.0)"
988,Grid_30_28,81.5625,140.625,"(78.75, 84.375)","(135.0, 146.25)"
989,Grid_30_29,81.5625,151.875,"(78.75, 84.375)","(146.25, 157.5)"
990,Grid_30_30,81.5625,163.125,"(78.75, 84.375)","(157.5, 168.75)"
991,Grid_30_31,81.5625,174.375,"(78.75, 84.375)","(168.75, 180.0)"
992,Grid_31_0,87.1875,-174.375,"(84.375, 90.0)","(-180.0, -168.75)"
993,Grid_31_1,87.1875,-163.125,"(84.375, 90.0)","(-168.75, -157.5)"
994,Grid_31_2,87.1875,-151.875,"(84.375, 90.0)","(-157.5, -146.25)"
995,Grid_31_3,87.1875,-140.625,"(84.375, 90.0)","(-146.25, -135.0)"
996,Grid_31_4,87.1875,-129.375,"(84.375, 90.0)","(-135.0, -123.75)"
997,Grid_31_5,87.1875,-118.125,"(84.375, 90.0)","(-123.75, -112.5)"
998,Grid_31_6,87.1875,-106.875,"(84.375, 90.0)","(-112.5, -101.25)"
999,Grid_31_7,87.1875,-95.625,"(84.375, 90.0)","(-101.25, -90.0)"
1000,Grid_31_8,87.1875,-84.375,"(84.375, 90.0)","(-90.0, -78.75)"
1001,Grid_31_9,87.1875,-73.125,"(84.375, 90.0)","(-78.75, -67.5)"
1002,Grid_31_10,87.1875,-61.875,"(84.375, 90.0)","(-67.5, -56.25)"
1003,Grid_31_11,87.1875,-50.625,"(84.375, 90.0)","(-56.25, -45.0)"
1004,Grid_31_12,87.1875,-39.375,"(84.375, 90.0)","(-45.0, -33.75)"
1005,Grid_31_13,87.1875,-28.125,"(84.375, 90.0)","(-33.75, -22.5)"
1006,Grid_31_14,87.1875,-16.875,"(84.375, 90.0)","(-22.5, -11.25)"
1007,Grid_31_15,87.1875,-5.625,"(84.375, 90.0)","(-11.25, 0.0)"
1008,Grid_31_16,87.1875,5.625,"(84.375, 90.0)","(0.0, 11.25)"
1009,Grid_31_17,87.1875,16.875,"(84.375, 90.0)","(11.25, 22.5)"
1010,Grid_31_18,87.1875,28.125,"(84.375, 90.0)","(22.5, 33.75)"
1011,Grid_31_19,87.1875,39.375,"(84.375, 90.0)","(33.75, 45.0)"
1012,Grid_31_20,87.1875,50.625,"(84.375, 90.0)","(45.0, 56.25)"
1013,Grid_31_21,87.1875,61.875,"(84.375, 90.0)","(56.25, 67.5)"
1014,Grid_31_22,87.1875,73.125,"(84.375, 90.0)","(67.5, 78.75)"
1015,Grid_31_23,87.1875,84.375,"(84.375, 90.0)","(78.75, 90.0)"
1016,Grid_31_24,87.1875,95.625,"(84.375, 90.0)","(90.0, 101.25)"
1017,Grid_31_25,87.1875,106.875,"(84.375, 90.0)","(101.25, 112.5)"
1018,Grid_31_26,87.1875,118.125,"(84.375, 90.0)","(112.5, 123.75)"
1019,Grid_31_27,87.1875,129.375,"(84.375, 90.0)","(123.75, 135.0)"
1020,Grid_31_28,87.1875,140.625,"(84.375, 90.0)","(135.0, 146.25)"
1021,Grid_31_29,87.1875,151.875,"(84.375, 90.0)","(146.25, 157.5)"
1022,Grid_31_30,87.1875,163.125,"(84.375, 90.0)","(157.5, 168.75)"
1023,Grid_31_31,87.1875,174.375,"(84.375, 90.0)","(168.75, 180.0)"
